canal,cuentas
1,0
2,0
3,0
4,0
5,0
6,0
7,0
8,0
9,0
10,0
11,0
12,0
13,0
14,0
15,0
16,0
17,0
18,0
19,0
20,0
21,0
22,0
23,0
24,0
25,0
26,0
27,0
28,0
29,0
30,0
31,0
32,0
33,0
34,0
35,0
36,0
37,0
38,0
39,0
40,0
41,0
42,0
43,0
44,0
45,0
46,0
47,0
48,0
49,0
50,0
51,0
52,0
53,0
54,0
55,0
56,1
57,17
58,175
59,325
60,420
61,362
62,322
63,332
64,334
65,319
66,308
67,305
68,319
69,323
70,326
71,349
72,359
73,333
74,340
75,320
76,331
77,307
78,314
79,330
80,324
81,331
82,331
83,340
84,335
85,356
86,349
87,314
88,355
89,329
90,338
91,337
92,315
93,333
94,310
95,339
96,346
97,364
98,307
99,338
100,339
101,345
102,334
103,308
104,323
105,360
106,360
107,363
108,349
109,303
110,349
111,341
112,357
113,380
114,334
115,375
116,345
117,308
118,348
119,340
120,337
121,365
122,352
123,368
124,332
125,353
126,343
127,323
128,359
129,316
130,361
131,359
132,344
133,312
134,357
135,347
136,322
137,350
138,338
139,336
140,364
141,350
142,334
143,349
144,337
145,362
146,348
147,362
148,363
149,330
150,319
151,358
152,323
153,405
154,351
155,364
156,354
157,331
158,308
159,338
160,331
161,341
162,376
163,335
164,347
165,359
166,306
167,348
168,330
169,310
170,310
171,340
172,365
173,353
174,343
175,347
176,359
177,365
178,348
179,334
180,339
181,325
182,349
183,336
184,392
185,339
186,341
187,334
188,347
189,327
190,331
191,337
192,351
193,351
194,374
195,333
196,344
197,339
198,340
199,346
200,336
201,346
202,354
203,338
204,353
205,312
206,393
207,398
208,334
209,327
210,388
211,374
212,318
213,336
214,362
215,345
216,337
217,343
218,349
219,331
220,324
221,320
222,335
223,308
224,362
225,360
226,344
227,357
228,360
229,370
230,328
231,384
232,332
233,341
234,347
235,348
236,360
237,354
238,356
239,349
240,359
241,355
242,372
243,346
244,368
245,371
246,365
247,352
248,339
249,346
250,342
251,341
252,329
253,353
254,365
255,358
256,388
257,336
258,326
259,375
260,367
261,333
262,367
263,329
264,399
265,359
266,349
267,323
268,336
269,343
270,346
271,339
272,327
273,372
274,355
275,354
276,362
277,329
278,355
279,364
280,365
281,329
282,342
283,381
284,334
285,357
286,373
287,360
288,331
289,355
290,379
291,325
292,353
293,368
294,377
295,328
296,380
297,373
298,343
299,391
300,338
301,360
302,339
303,342
304,366
305,363
306,316
307,375
308,330
309,303
310,338
311,374
312,366
313,398
314,356
315,379
316,343
317,367
318,365
319,369
320,359
321,354
322,343
323,360
324,339
325,375
326,360
327,343
328,345
329,374
330,377
331,369
332,340
333,363
334,426
335,348
336,378
337,374
338,376
339,341
340,375
341,386
342,348
343,350
344,381
345,372
346,351
347,355
348,388
349,344
350,341
351,369
352,354
353,349
354,375
355,367
356,366
357,343
358,376
359,335
360,385
361,336
362,356
363,348
364,360
365,377
366,375
367,345
368,364
369,374
370,388
371,355
372,376
373,365
374,380
375,358
376,353
377,368
378,369
379,373
380,370
381,372
382,346
383,355
384,348
385,366
386,372
387,372
388,357
389,351
390,391
391,385
392,355
393,385
394,355
395,363
396,388
397,385
398,355
399,388
400,375
401,360
402,373
403,377
404,376
405,368
406,366
407,345
408,376
409,349
410,382
411,338
412,413
413,360
414,354
415,367
416,376
417,375
418,371
419,373
420,362
421,355
422,363
423,385
424,347
425,374
426,363
427,342
428,371
429,371
430,368
431,355
432,362
433,376
434,350
435,348
436,381
437,334
438,360
439,374
440,368
441,347
442,367
443,392
444,371
445,343
446,346
447,345
448,376
449,359
450,366
451,384
452,386
453,383
454,346
455,382
456,362
457,402
458,373
459,378
460,382
461,392
462,370
463,378
464,372
465,369
466,328
467,392
468,358
469,382
470,378
471,379
472,357
473,381
474,358
475,406
476,391
477,397
478,387
479,367
480,338
481,415
482,367
483,431
484,365
485,392
486,353
487,373
488,378
489,387
490,368
491,378
492,400
493,372
494,371
495,351
496,365
497,404
498,429
499,375
500,384
501,372
502,406
503,391
504,389
505,421
506,390
507,393
508,445
509,412
510,408
511,411
512,412
513,411
514,405
515,422
516,430
517,410
518,468
519,448
520,450
521,406
522,446
523,415
524,414
525,449
526,427
527,423
528,432
529,456
530,434
531,474
532,435
533,483
534,489
535,439
536,478
537,479
538,473
539,495
540,458
541,493
542,479
543,527
544,506
545,525
546,516
547,505
548,500
549,513
550,525
551,491
552,557
553,508
554,526
555,524
556,519
557,601
558,528
559,527
560,540
561,557
562,547
563,538
564,564
565,515
566,539
567,568
568,601
569,546
570,527
571,540
572,546
573,534
574,557
575,555
576,544
577,521
578,559
579,544
580,592
581,561
582,543
583,570
584,564
585,557
586,567
587,528
588,545
589,540
590,531
591,561
592,554
593,581
594,541
595,572
596,541
597,536
598,539
599,577
600,534
601,575
602,505
603,579
604,514
605,525
606,555
607,527
608,515
609,508
610,505
611,550
612,528
613,479
614,537
615,541
616,560
617,514
618,504
619,513
620,494
621,547
622,505
623,495
624,539
625,545
626,517
627,566
628,533
629,494
630,487
631,560
632,555
633,536
634,556
635,505
636,516
637,508
638,523
639,518
640,491
641,529
642,497
643,477
644,520
645,459
646,491
647,488
648,515
649,481
650,466
651,475
652,478
653,477
654,484
655,503
656,467
657,479
658,468
659,458
660,473
661,493
662,484
663,501
664,489
665,501
666,505
667,486
668,452
669,498
670,494
671,412
672,405
673,466
674,446
675,447
676,469
677,453
678,469
679,479
680,453
681,452
682,493
683,473
684,442
685,470
686,486
687,426
688,442
689,483
690,456
691,460
692,429
693,448
694,387
695,438
696,430
697,450
698,475
699,433
700,432
701,484
702,449
703,417
704,434
705,430
706,415
707,405
708,436
709,431
710,447
711,469
712,471
713,427
714,437
715,448
716,449
717,425
718,468
719,430
720,476
721,422
722,442
723,451
724,437
725,403
726,448
727,466
728,438
729,423
730,437
731,442
732,427
733,442
734,428
735,484
736,419
737,427
738,426
739,441
740,436
741,396
742,418
743,392
744,459
745,416
746,443
747,442
748,423
749,442
750,482
751,381
752,454
753,417
754,437
755,431
756,462
757,422
758,411
759,442
760,421
761,435
762,438
763,412
764,395
765,418
766,447
767,438
768,472
769,434
770,442
771,416
772,444
773,405
774,408
775,389
776,427
777,440
778,403
779,439
780,396
781,444
782,435
783,420
784,393
785,418
786,432
787,416
788,424
789,463
790,402
791,454
792,428
793,384
794,433
795,438
796,410
797,412
798,436
799,426
800,420
801,428
802,438
803,423
804,418
805,406
806,421
807,439
808,424
809,376
810,418
811,395
812,408
813,427
814,409
815,399
816,420
817,407
818,419
819,406
820,403
821,410
822,398
823,388
824,400
825,414
826,433
827,408
828,387
829,465
830,432
831,407
832,419
833,371
834,408
835,380
836,403
837,394
838,404
839,423
840,377
841,402
842,391
843,406
844,344
845,430
846,411
847,393
848,399
849,360
850,383
851,356
852,379
853,401
854,365
855,410
856,378
857,417
858,399
859,409
860,403
861,375
862,422
863,374
864,389
865,395
866,391
867,392
868,399
869,367
870,372
871,357
872,408
873,398
874,394
875,395
876,359
877,403
878,387
879,384
880,346
881,411
882,322
883,363
884,388
885,383
886,392
887,406
888,383
889,443
890,399
891,405
892,411
893,377
894,380
895,373
896,376
897,369
898,373
899,378
900,397
901,379
902,371
903,403
904,389
905,386
906,407
907,399
908,369
909,378
910,398
911,396
912,386
913,402
914,379
915,399
916,341
917,364
918,371
919,385
920,368
921,369
922,405
923,391
924,399
925,377
926,395
927,390
928,363
929,383
930,421
931,367
932,409
933,408
934,404
935,409
936,399
937,348
938,381
939,387
940,387
941,400
942,371
943,407
944,391
945,406
946,345
947,373
948,379
949,357
950,357
951,396
952,357
953,379
954,369
955,371
956,375
957,374
958,349
959,379
960,331
961,378
962,351
963,341
964,362
965,369
966,395
967,338
968,376
969,367
970,404
971,435
972,348
973,351
974,360
975,363
976,383
977,372
978,370
979,392
980,396
981,394
982,379
983,370
984,370
985,358
986,371
987,357
988,371
989,376
990,413
991,384
992,330
993,365
994,372
995,371
996,349
997,349
998,363
999,382
1000,332
1001,352
1002,363
1003,342
1004,332
1005,355
1006,361
1007,364
1008,358
1009,350
1010,378
1011,370
1012,360
1013,346
1014,383
1015,400
1016,391
1017,352
1018,352
1019,364
1020,316
1021,358
1022,351
1023,346
1024,375
1025,339
1026,363
1027,386
1028,379
1029,359
1030,343
1031,379
1032,355
1033,377
1034,360
1035,344
1036,357
1037,323
1038,385
1039,369
1040,402
1041,367
1042,364
1043,357
1044,354
1045,356
1046,363
1047,389
1048,373
1049,337
1050,369
1051,380
1052,364
1053,370
1054,358
1055,349
1056,332
1057,374
1058,356
1059,332
1060,344
1061,344
1062,382
1063,377
1064,360
1065,355
1066,332
1067,358
1068,388
1069,382
1070,352
1071,336
1072,382
1073,352
1074,372
1075,379
1076,396
1077,344
1078,351
1079,338
1080,321
1081,358
1082,341
1083,331
1084,333
1085,336
1086,376
1087,344
1088,376
1089,390
1090,334
1091,374
1092,338
1093,339
1094,387
1095,366
1096,360
1097,384
1098,349
1099,335
1100,332
1101,344
1102,378
1103,334
1104,334
1105,344
1106,366
1107,344
1108,361
1109,338
1110,385
1111,381
1112,362
1113,355
1114,351
1115,367
1116,353
1117,354
1118,359
1119,343
1120,390
1121,336
1122,364
1123,351
1124,362
1125,357
1126,357
1127,383
1128,372
1129,344
1130,325
1131,338
1132,331
1133,354
1134,380
1135,328
1136,369
1137,334
1138,330
1139,333
1140,362
1141,335
1142,343
1143,341
1144,341
1145,341
1146,378
1147,351
1148,357
1149,349
1150,327
1151,376
1152,338
1153,327
1154,363
1155,356
1156,347
1157,371
1158,384
1159,363
1160,350
1161,325
1162,339
1163,351
1164,355
1165,380
1166,355
1167,335
1168,373
1169,329
1170,328
1171,342
1172,368
1173,348
1174,350
1175,360
1176,355
1177,348
1178,328
1179,350
1180,339
1181,345
1182,350
1183,369
1184,323
1185,316
1186,353
1187,334
1188,323
1189,340
1190,354
1191,350
1192,338
1193,344
1194,328
1195,349
1196,343
1197,348
1198,360
1199,344
1200,360
1201,378
1202,358
1203,326
1204,317
1205,363
1206,379
1207,341
1208,368
1209,342
1210,327
1211,324
1212,347
1213,329
1214,313
1215,355
1216,332
1217,331
1218,326
1219,316
1220,324
1221,347
1222,326
1223,349
1224,341
1225,330
1226,354
1227,393
1228,330
1229,356
1230,348
1231,341
1232,316
1233,349
1234,359
1235,371
1236,363
1237,365
1238,347
1239,328
1240,335
1241,341
1242,326
1243,348
1244,319
1245,359
1246,345
1247,331
1248,317
1249,350
1250,337
1251,354
1252,322
1253,336
1254,337
1255,332
1256,349
1257,342
1258,345
1259,361
1260,364
1261,358
1262,343
1263,344
1264,319
1265,339
1266,347
1267,325
1268,355
1269,340
1270,351
1271,374
1272,330
1273,350
1274,340
1275,349
1276,355
1277,339
1278,320
1279,322
1280,359
1281,345
1282,355
1283,353
1284,311
1285,361
1286,355
1287,348
1288,324
1289,322
1290,374
1291,351
1292,341
1293,330
1294,389
1295,344
1296,359
1297,325
1298,332
1299,361
1300,317
1301,329
1302,323
1303,342
1304,314
1305,362
1306,342
1307,336
1308,351
1309,353
1310,363
1311,372
1312,357
1313,348
1314,349
1315,332
1316,355
1317,321
1318,316
1319,355
1320,323
1321,350
1322,358
1323,371
1324,341
1325,346
1326,350
1327,368
1328,333
1329,362
1330,328
1331,340
1332,334
1333,364
1334,355
1335,349
1336,351
1337,380
1338,331
1339,327
1340,340
1341,313
1342,350
1343,300
1344,353
1345,334
1346,324
1347,349
1348,361
1349,358
1350,347
1351,336
1352,352
1353,347
1354,325
1355,319
1356,347
1357,344
1358,338
1359,311
1360,351
1361,323
1362,331
1363,362
1364,385
1365,367
1366,348
1367,342
1368,364
1369,329
1370,362
1371,370
1372,329
1373,363
1374,329
1375,336
1376,328
1377,332
1378,354
1379,359
1380,344
1381,347
1382,322
1383,337
1384,322
1385,339
1386,355
1387,309
1388,315
1389,350
1390,337
1391,354
1392,336
1393,355
1394,331
1395,322
1396,343
1397,344
1398,322
1399,377
1400,325
1401,309
1402,329
1403,345
1404,308
1405,351
1406,335
1407,317
1408,336
1409,344
1410,387
1411,324
1412,352
1413,368
1414,330
1415,322
1416,365
1417,359
1418,336
1419,329
1420,303
1421,331
1422,341
1423,385
1424,350
1425,347
1426,324
1427,354
1428,351
1429,380
1430,327
1431,349
1432,318
1433,314
1434,356
1435,367
1436,327
1437,341
1438,341
1439,327
1440,354
1441,348
1442,342
1443,329
1444,367
1445,345
1446,336
1447,325
1448,368
1449,328
1450,339
1451,383
1452,333
1453,315
1454,350
1455,369
1456,350
1457,349
1458,341
1459,350
1460,357
1461,320
1462,319
1463,365
1464,310
1465,321
1466,388
1467,337
1468,345
1469,314
1470,352
1471,308
1472,327
1473,332
1474,349
1475,309
1476,329
1477,339
1478,361
1479,345
1480,326
1481,315
1482,354
1483,309
1484,358
1485,364
1486,339
1487,317
1488,348
1489,334
1490,332
1491,327
1492,324
1493,360
1494,339
1495,320
1496,339
1497,339
1498,359
1499,357
1500,326
1501,345
1502,319
1503,364
1504,349
1505,350
1506,308
1507,320
1508,294
1509,325
1510,305
1511,339
1512,352
1513,356
1514,350
1515,359
1516,344
1517,346
1518,359
1519,333
1520,355
1521,367
1522,360
1523,341
1524,349
1525,323
1526,344
1527,356
1528,313
1529,348
1530,336
1531,368
1532,324
1533,350
1534,357
1535,342
1536,347
1537,323
1538,363
1539,323
1540,363
1541,347
1542,385
1543,368
1544,384
1545,349
1546,370
1547,317
1548,311
1549,346
1550,374
1551,330
1552,358
1553,368
1554,299
1555,401
1556,332
1557,336
1558,356
1559,336
1560,337
1561,350
1562,311
1563,353
1564,343
1565,355
1566,337
1567,314
1568,342
1569,355
1570,369
1571,336
1572,300
1573,308
1574,336
1575,327
1576,345
1577,331
1578,340
1579,317
1580,352
1581,332
1582,346
1583,337
1584,345
1585,394
1586,344
1587,344
1588,336
1589,353
1590,380
1591,352
1592,290
1593,357
1594,354
1595,366
1596,319
1597,341
1598,331
1599,368
1600,358
1601,368
1602,373
1603,349
1604,364
1605,329
1606,316
1607,363
1608,379
1609,367
1610,356
1611,341
1612,367
1613,330
1614,355
1615,330
1616,337
1617,340
1618,360
1619,317
1620,366
1621,333
1622,369
1623,350
1624,353
1625,323
1626,356
1627,336
1628,317
1629,351
1630,320
1631,349
1632,409
1633,391
1634,369
1635,338
1636,338
1637,362
1638,350
1639,353
1640,323
1641,353
1642,344
1643,387
1644,359
1645,358
1646,363
1647,366
1648,338
1649,353
1650,342
1651,351
1652,356
1653,344
1654,355
1655,342
1656,331
1657,328
1658,341
1659,331
1660,328
1661,362
1662,352
1663,349
1664,352
1665,313
1666,335
1667,334
1668,363
1669,378
1670,346
1671,369
1672,354
1673,337
1674,340
1675,359
1676,340
1677,331
1678,381
1679,325
1680,375
1681,360
1682,364
1683,354
1684,365
1685,395
1686,367
1687,364
1688,386
1689,324
1690,322
1691,348
1692,348
1693,349
1694,328
1695,389
1696,341
1697,385
1698,374
1699,348
1700,346
1701,354
1702,376
1703,359
1704,337
1705,366
1706,356
1707,357
1708,355
1709,351
1710,308
1711,357
1712,376
1713,332
1714,360
1715,366
1716,360
1717,335
1718,359
1719,346
1720,341
1721,348
1722,361
1723,352
1724,319
1725,366
1726,360
1727,368
1728,364
1729,324
1730,387
1731,397
1732,364
1733,362
1734,377
1735,357
1736,377
1737,355
1738,368
1739,336
1740,329
1741,355
1742,341
1743,301
1744,338
1745,378
1746,378
1747,372
1748,399
1749,364
1750,338
1751,361
1752,347
1753,343
1754,368
1755,366
1756,351
1757,336
1758,398
1759,348
1760,338
1761,344
1762,324
1763,369
1764,367
1765,389
1766,349
1767,369
1768,362
1769,377
1770,339
1771,361
1772,361
1773,355
1774,362
1775,376
1776,368
1777,374
1778,359
1779,383
1780,365
1781,336
1782,354
1783,390
1784,373
1785,362
1786,367
1787,365
1788,375
1789,327
1790,344
1791,345
1792,391
1793,384
1794,355
1795,370
1796,373
1797,373
1798,376
1799,344
1800,383
1801,374
1802,375
1803,376
1804,366
1805,377
1806,401
1807,378
1808,396
1809,381
1810,369
1811,334
1812,345
1813,395
1814,369
1815,357
1816,382
1817,346
1818,352
1819,358
1820,359
1821,336
1822,364
1823,363
1824,373
1825,354
1826,323
1827,356
1828,375
1829,379
1830,381
1831,369
1832,365
1833,355
1834,382
1835,354
1836,357
1837,336
1838,399
1839,365
1840,387
1841,353
1842,361
1843,348
1844,353
1845,390
1846,380
1847,364
1848,362
1849,330
1850,347
1851,375
1852,321
1853,383
1854,345
1855,361
1856,377
1857,378
1858,377
1859,376
1860,365
1861,366
1862,340
1863,372
1864,336
1865,375
1866,360
1867,359
1868,356
1869,387
1870,378
1871,352
1872,399
1873,333
1874,385
1875,349
1876,372
1877,350
1878,404
1879,383
1880,331
1881,383
1882,369
1883,381
1884,408
1885,346
1886,363
1887,367
1888,353
1889,368
1890,338
1891,389
1892,355
1893,336
1894,388
1895,345
1896,381
1897,400
1898,392
1899,386
1900,381
1901,384
1902,402
1903,367
1904,385
1905,375
1906,389
1907,378
1908,387
1909,376
1910,382
1911,387
1912,380
1913,336
1914,391
1915,417
1916,399
1917,377
1918,398
1919,390
1920,390
1921,383
1922,375
1923,345
1924,383
1925,388
1926,357
1927,398
1928,396
1929,385
1930,375
1931,372
1932,388
1933,416
1934,410
1935,402
1936,347
1937,379
1938,414
1939,344
1940,374
1941,378
1942,397
1943,386
1944,354
1945,391
1946,420
1947,359
1948,366
1949,368
1950,391
1951,358
1952,384
1953,350
1954,383
1955,385
1956,372
1957,387
1958,389
1959,387
1960,375
1961,379
1962,389
1963,401
1964,411
1965,412
1966,437
1967,391
1968,358
1969,395
1970,380
1971,393
1972,338
1973,413
1974,390
1975,414
1976,384
1977,400
1978,381
1979,348
1980,458
1981,399
1982,400
1983,412
1984,410
1985,393
1986,401
1987,406
1988,372
1989,387
1990,366
1991,423
1992,394
1993,384
1994,372
1995,410
1996,402
1997,383
1998,405
1999,373
2000,386
2001,409
2002,396
2003,345
2004,411
2005,426
2006,384
2007,377
2008,395
2009,415
2010,400
2011,411
2012,409
2013,374
2014,419
2015,389
2016,425
2017,410
2018,398
2019,404
2020,386
2021,446
2022,414
2023,423
2024,426
2025,426
2026,423
2027,418
2028,397
2029,451
2030,396
2031,411
2032,422
2033,374
2034,386
2035,441
2036,399
2037,415
2038,407
2039,435
2040,440
2041,403
2042,401
2043,406
2044,380
2045,391
2046,430
2047,401
2048,388
2049,430
2050,412
2051,411
2052,406
2053,394
2054,424
2055,408
2056,432
2057,428
2058,421
2059,436
2060,399
2061,396
2062,397
2063,403
2064,390
2065,402
2066,418
2067,399
2068,434
2069,424
2070,434
2071,411
2072,430
2073,422
2074,431
2075,368
2076,429
2077,429
2078,391
2079,409
2080,453
2081,381
2082,412
2083,391
2084,400
2085,402
2086,440
2087,441
2088,420
2089,426
2090,426
2091,424
2092,449
2093,438
2094,436
2095,413
2096,427
2097,416
2098,437
2099,439
2100,420
2101,427
2102,428
2103,408
2104,393
2105,455
2106,472
2107,455
2108,432
2109,446
2110,419
2111,455
2112,411
2113,431
2114,437
2115,431
2116,449
2117,428
2118,413
2119,430
2120,443
2121,414
2122,409
2123,406
2124,406
2125,404
2126,417
2127,447
2128,401
2129,401
2130,439
2131,388
2132,421
2133,451
2134,419
2135,436
2136,426
2137,422
2138,445
2139,440
2140,442
2141,420
2142,460
2143,447
2144,406
2145,480
2146,441
2147,445
2148,422
2149,459
2150,433
2151,437
2152,422
2153,428
2154,496
2155,432
2156,413
2157,433
2158,409
2159,416
2160,446
2161,455
2162,441
2163,440
2164,426
2165,439
2166,433
2167,399
2168,397
2169,453
2170,405
2171,451
2172,450
2173,397
2174,394
2175,436
2176,427
2177,442
2178,436
2179,437
2180,414
2181,463
2182,440
2183,489
2184,432
2185,433
2186,434
2187,421
2188,441
2189,454
2190,471
2191,455
2192,440
2193,393
2194,463
2195,406
2196,427
2197,459
2198,429
2199,425
2200,468
2201,416
2202,432
2203,428
2204,402
2205,432
2206,431
2207,392
2208,431
2209,402
2210,448
2211,448
2212,423
2213,415
2214,421
2215,426
2216,452
2217,439
2218,422
2219,436
2220,430
2221,433
2222,441
2223,442
2224,445
2225,477
2226,435
2227,466
2228,382
2229,431
2230,432
2231,480
2232,400
2233,388
2234,425
2235,435
2236,468
2237,407
2238,456
2239,391
2240,424
2241,438
2242,405
2243,410
2244,392
2245,439
2246,415
2247,448
2248,419
2249,450
2250,408
2251,403
2252,418
2253,406
2254,430
2255,437
2256,414
2257,404
2258,426
2259,435
2260,421
2261,431
2262,426
2263,423
2264,440
2265,400
2266,390
2267,398
2268,397
2269,413
2270,422
2271,390
2272,416
2273,421
2274,432
2275,407
2276,398
2277,432
2278,394
2279,441
2280,408
2281,412
2282,410
2283,394
2284,396
2285,409
2286,408
2287,374
2288,368
2289,396
2290,387
2291,399
2292,400
2293,379
2294,398
2295,395
2296,380
2297,379
2298,413
2299,439
2300,372
2301,403
2302,385
2303,385
2304,378
2305,360
2306,404
2307,356
2308,390
2309,383
2310,386
2311,382
2312,393
2313,389
2314,408
2315,372
2316,408
2317,341
2318,384
2319,350
2320,388
2321,406
2322,352
2323,382
2324,370
2325,366
2326,356
2327,391
2328,365
2329,354
2330,355
2331,401
2332,361
2333,398
2334,338
2335,392
2336,378
2337,345
2338,363
2339,338
2340,392
2341,369
2342,363
2343,364
2344,351
2345,396
2346,341
2347,340
2348,364
2349,355
2350,368
2351,337
2352,343
2353,348
2354,344
2355,355
2356,346
2357,351
2358,333
2359,336
2360,341
2361,369
2362,363
2363,361
2364,372
2365,344
2366,329
2367,337
2368,371
2369,360
2370,331
2371,330
2372,393
2373,324
2374,348
2375,341
2376,350
2377,347
2378,346
2379,338
2380,314
2381,297
2382,332
2383,340
2384,330
2385,299
2386,333
2387,338
2388,344
2389,337
2390,315
2391,330
2392,309
2393,320
2394,342
2395,343
2396,306
2397,294
2398,330
2399,311
2400,328
2401,338
2402,313
2403,315
2404,355
2405,334
2406,294
2407,361
2408,306
2409,284
2410,311
2411,319
2412,323
2413,305
2414,320
2415,286
2416,295
2417,307
2418,323
2419,287
2420,319
2421,320
2422,309
2423,279
2424,279
2425,288
2426,318
2427,308
2428,334
2429,290
2430,311
2431,304
2432,289
2433,328
2434,315
2435,293
2436,268
2437,276
2438,275
2439,291
2440,309
2441,313
2442,264
2443,299
2444,304
2445,275
2446,302
2447,338
2448,287
2449,314
2450,319
2451,302
2452,271
2453,309
2454,292
2455,297
2456,291
2457,290
2458,320
2459,292
2460,315
2461,291
2462,278
2463,276
2464,274
2465,273
2466,301
2467,300
2468,321
2469,278
2470,297
2471,267
2472,239
2473,259
2474,309
2475,281
2476,276
2477,273
2478,290
2479,280
2480,277
2481,290
2482,284
2483,240
2484,310
2485,286
2486,283
2487,247
2488,321
2489,293
2490,272
2491,287
2492,276
2493,325
2494,305
2495,257
2496,294
2497,291
2498,279
2499,270
2500,325
2501,290
2502,272
2503,288
2504,309
2505,297
2506,300
2507,295
2508,270
2509,281
2510,290
2511,253
2512,269
2513,273
2514,275
2515,270
2516,256
2517,297
2518,249
2519,258
2520,255
2521,286
2522,275
2523,274
2524,251
2525,272
2526,278
2527,296
2528,270
2529,252
2530,291
2531,269
2532,290
2533,276
2534,239
2535,257
2536,275
2537,274
2538,280
2539,230
2540,279
2541,261
2542,271
2543,263
2544,265
2545,281
2546,250
2547,276
2548,258
2549,288
2550,269
2551,269
2552,280
2553,257
2554,278
2555,267
2556,259
2557,272
2558,258
2559,259
2560,247
2561,268
2562,268
2563,252
2564,265
2565,253
2566,268
2567,271
2568,247
2569,265
2570,254
2571,260
2572,266
2573,263
2574,265
2575,252
2576,257
2577,255
2578,254
2579,290
2580,264
2581,243
2582,247
2583,238
2584,246
2585,268
2586,243
2587,243
2588,239
2589,237
2590,257
2591,247
2592,268
2593,276
2594,265
2595,260
2596,285
2597,266
2598,276
2599,243
2600,255
2601,237
2602,226
2603,240
2604,236
2605,240
2606,226
2607,278
2608,250
2609,217
2610,260
2611,228
2612,246
2613,259
2614,246
2615,249
2616,255
2617,246
2618,266
2619,258
2620,234
2621,241
2622,264
2623,230
2624,243
2625,249
2626,264
2627,245
2628,241
2629,256
2630,275
2631,244
2632,244
2633,224
2634,259
2635,269
2636,241
2637,268
2638,244
2639,238
2640,252
2641,254
2642,247
2643,257
2644,268
2645,236
2646,222
2647,225
2648,234
2649,251
2650,240
2651,224
2652,225
2653,217
2654,226
2655,245
2656,251
2657,259
2658,223
2659,230
2660,226
2661,234
2662,255
2663,249
2664,218
2665,253
2666,268
2667,241
2668,238
2669,256
2670,229
2671,241
2672,231
2673,235
2674,249
2675,234
2676,241
2677,250
2678,247
2679,228
2680,252
2681,271
2682,245
2683,247
2684,246
2685,280
2686,254
2687,286
2688,260
2689,225
2690,249
2691,232
2692,295
2693,286
2694,264
2695,274
2696,246
2697,252
2698,292
2699,281
2700,263
2701,277
2702,300
2703,286
2704,279
2705,303
2706,274
2707,284
2708,302
2709,294
2710,266
2711,301
2712,308
2713,303
2714,333
2715,285
2716,292
2717,354
2718,320
2719,313
2720,322
2721,328
2722,332
2723,330
2724,362
2725,306
2726,343
2727,338
2728,350
2729,360
2730,390
2731,392
2732,385
2733,358
2734,415
2735,389
2736,408
2737,407
2738,418
2739,413
2740,428
2741,437
2742,435
2743,470
2744,443
2745,449
2746,436
2747,463
2748,485
2749,472
2750,484
2751,499
2752,534
2753,490
2754,537
2755,528
2756,453
2757,511
2758,565
2759,555
2760,567
2761,563
2762,592
2763,561
2764,598
2765,604
2766,623
2767,587
2768,671
2769,612
2770,636
2771,616
2772,631
2773,681
2774,700
2775,720
2776,677
2777,711
2778,722
2779,709
2780,733
2781,702
2782,782
2783,787
2784,806
2785,777
2786,790
2787,812
2788,778
2789,855
2790,849
2791,843
2792,833
2793,886
2794,932
2795,916
2796,869
2797,889
2798,916
2799,902
2800,931
2801,968
2802,1004
2803,1008
2804,993
2805,956
2806,942
2807,985
2808,1013
2809,1114
2810,1032
2811,1112
2812,1073
2813,1054
2814,1082
2815,1100
2816,1108
2817,1118
2818,1138
2819,1143
2820,1067
2821,1153
2822,1186
2823,1238
2824,1188
2825,1182
2826,1219
2827,1199
2828,1148
2829,1238
2830,1183
2831,1198
2832,1217
2833,1226
2834,1253
2835,1250
2836,1233
2837,1263
2838,1315
2839,1279
2840,1313
2841,1402
2842,1318
2843,1308
2844,1353
2845,1317
2846,1368
2847,1315
2848,1348
2849,1314
2850,1371
2851,1286
2852,1337
2853,1370
2854,1342
2855,1395
2856,1344
2857,1442
2858,1367
2859,1362
2860,1387
2861,1429
2862,1397
2863,1394
2864,1412
2865,1346
2866,1399
2867,1414
2868,1395
2869,1440
2870,1386
2871,1482
2872,1401
2873,1379
2874,1353
2875,1388
2876,1393
2877,1384
2878,1470
2879,1408
2880,1449
2881,1380
2882,1393
2883,1405
2884,1381
2885,1338
2886,1294
2887,1378
2888,1382
2889,1399
2890,1345
2891,1399
2892,1361
2893,1308
2894,1327
2895,1280
2896,1323
2897,1359
2898,1267
2899,1265
2900,1358
2901,1331
2902,1302
2903,1271
2904,1227
2905,1285
2906,1293
2907,1296
2908,1281
2909,1219
2910,1180
2911,1209
2912,1233
2913,1210
2914,1147
2915,1236
2916,1178
2917,1193
2918,1201
2919,1192
2920,1106
2921,1170
2922,1098
2923,1140
2924,1102
2925,1149
2926,1041
2927,1108
2928,1124
2929,1106
2930,1053
2931,1039
2932,1066
2933,982
2934,1001
2935,1002
2936,962
2937,1020
2938,968
2939,1007
2940,998
2941,952
2942,949
2943,915
2944,865
2945,935
2946,927
2947,897
2948,889
2949,904
2950,912
2951,855
2952,820
2953,859
2954,789
2955,845
2956,760
2957,796
2958,760
2959,775
2960,785
2961,754
2962,740
2963,717
2964,711
2965,698
2966,752
2967,706
2968,673
2969,687
2970,712
2971,701
2972,666
2973,623
2974,657
2975,579
2976,610
2977,614
2978,627
2979,598
2980,574
2981,615
2982,573
2983,559
2984,552
2985,566
2986,556
2987,497
2988,531
2989,505
2990,538
2991,492
2992,502
2993,531
2994,471
2995,465
2996,492
2997,437
2998,464
2999,454
3000,441
3001,420
3002,450
3003,414
3004,415
3005,414
3006,402
3007,371
3008,341
3009,409
3010,390
3011,398
3012,346
3013,371
3014,372
3015,348
3016,319
3017,337
3018,317
3019,355
3020,356
3021,331
3022,361
3023,341
3024,291
3025,309
3026,312
3027,311
3028,287
3029,297
3030,287
3031,289
3032,331
3033,290
3034,300
3035,267
3036,266
3037,281
3038,260
3039,289
3040,294
3041,253
3042,255
3043,245
3044,245
3045,240
3046,248
3047,259
3048,243
3049,231
3050,218
3051,247
3052,257
3053,236
3054,230
3055,230
3056,251
3057,246
3058,235
3059,232
3060,251
3061,232
3062,210
3063,252
3064,218
3065,225
3066,217
3067,227
3068,228
3069,249
3070,244
3071,223
3072,254
3073,216
3074,233
3075,230
3076,206
3077,242
3078,227
3079,228
3080,234
3081,218
3082,228
3083,239
3084,212
3085,213
3086,237
3087,255
3088,239
3089,232
3090,217
3091,260
3092,236
3093,269
3094,259
3095,244
3096,239
3097,267
3098,285
3099,238
3100,232
3101,262
3102,293
3103,247
3104,293
3105,273
3106,287
3107,306
3108,309
3109,285
3110,291
3111,315
3112,319
3113,314
3114,320
3115,326
3116,300
3117,341
3118,333
3119,329
3120,347
3121,328
3122,372
3123,351
3124,351
3125,365
3126,400
3127,396
3128,428
3129,381
3130,406
3131,442
3132,445
3133,411
3134,410
3135,415
3136,445
3137,455
3138,458
3139,438
3140,509
3141,454
3142,531
3143,512
3144,482
3145,473
3146,536
3147,516
3148,533
3149,563
3150,517
3151,553
3152,568
3153,533
3154,582
3155,549
3156,560
3157,574
3158,590
3159,631
3160,647
3161,650
3162,662
3163,626
3164,611
3165,651
3166,667
3167,709
3168,677
3169,723
3170,709
3171,711
3172,680
3173,705
3174,693
3175,774
3176,731
3177,728
3178,756
3179,739
3180,778
3181,796
3182,817
3183,765
3184,806
3185,813
3186,796
3187,835
3188,881
3189,878
3190,885
3191,878
3192,850
3193,927
3194,885
3195,871
3196,870
3197,936
3198,971
3199,985
3200,896
3201,932
3202,939
3203,944
3204,927
3205,960
3206,1027
3207,977
3208,1014
3209,989
3210,973
3211,974
3212,1046
3213,1014
3214,1008
3215,1039
3216,994
3217,1100
3218,1060
3219,1068
3220,1069
3221,1011
3222,1066
3223,1108
3224,1005
3225,1028
3226,1092
3227,1049
3228,1054
3229,1031
3230,1058
3231,1062
3232,1074
3233,1117
3234,1138
3235,1158
3236,1053
3237,1088
3238,1160
3239,1118
3240,1106
3241,1126
3242,1050
3243,1168
3244,1185
3245,1087
3246,1143
3247,1108
3248,1155
3249,1097
3250,1139
3251,1142
3252,1141
3253,1092
3254,1135
3255,1168
3256,1169
3257,1170
3258,1092
3259,1173
3260,1066
3261,1153
3262,1088
3263,1136
3264,1110
3265,1076
3266,1072
3267,1098
3268,1113
3269,1073
3270,1112
3271,1062
3272,1113
3273,1074
3274,1070
3275,1088
3276,1100
3277,1051
3278,1089
3279,1021
3280,1069
3281,1059
3282,1054
3283,1072
3284,1001
3285,1052
3286,1048
3287,1070
3288,1048
3289,1041
3290,1014
3291,952
3292,1003
3293,1045
3294,966
3295,994
3296,935
3297,914
3298,977
3299,926
3300,972
3301,953
3302,933
3303,978
3304,942
3305,924
3306,970
3307,906
3308,899
3309,892
3310,866
3311,876
3312,887
3313,861
3314,836
3315,811
3316,872
3317,791
3318,823
3319,755
3320,792
3321,803
3322,808
3323,820
3324,740
3325,742
3326,784
3327,768
3328,759
3329,762
3330,728
3331,749
3332,724
3333,693
3334,724
3335,761
3336,666
3337,727
3338,699
3339,694
3340,646
3341,642
3342,684
3343,663
3344,625
3345,650
3346,629
3347,612
3348,656
3349,619
3350,600
3351,616
3352,589
3353,557
3354,539
3355,594
3356,543
3357,565
3358,540
3359,552
3360,483
3361,508
3362,527
3363,545
3364,515
3365,508
3366,504
3367,495
3368,463
3369,487
3370,498
3371,473
3372,424
3373,459
3374,427
3375,444
3376,424
3377,441
3378,397
3379,406
3380,415
3381,445
3382,429
3383,366
3384,409
3385,380
3386,393
3387,387
3388,377
3389,366
3390,360
3391,362
3392,378
3393,326
3394,354
3395,297
3396,301
3397,313
3398,322
3399,348
3400,327
3401,308
3402,311
3403,307
3404,290
3405,309
3406,271
3407,284
3408,267
3409,290
3410,275
3411,265
3412,263
3413,259
3414,239
3415,270
3416,261
3417,244
3418,241
3419,248
3420,233
3421,259
3422,240
3423,239
3424,219
3425,230
3426,207
3427,191
3428,194
3429,224
3430,185
3431,218
3432,189
3433,194
3434,213
3435,182
3436,197
3437,212
3438,197
3439,172
3440,180
3441,180
3442,184
3443,166
3444,181
3445,168
3446,172
3447,176
3448,193
3449,159
3450,157
3451,175
3452,158
3453,171
3454,135
3455,159
3456,140
3457,136
3458,127
3459,163
3460,137
3461,136
3462,118
3463,137
3464,120
3465,124
3466,129
3467,133
3468,108
3469,99
3470,138
3471,140
3472,117
3473,105
3474,120
3475,83
3476,114
3477,118
3478,101
3479,96
3480,103
3481,109
3482,90
3483,91
3484,95
3485,104
3486,95
3487,89
3488,90
3489,96
3490,89
3491,82
3492,80
3493,87
3494,78
3495,81
3496,84
3497,97
3498,85
3499,93
3500,87
3501,74
3502,89
3503,76
3504,84
3505,75
3506,77
3507,74
3508,72
3509,80
3510,85
3511,63
3512,75
3513,71
3514,77
3515,61
3516,54
3517,67
3518,71
3519,54
3520,69
3521,62
3522,70
3523,55
3524,62
3525,58
3526,73
3527,62
3528,60
3529,66
3530,55
3531,64
3532,51
3533,66
3534,59
3535,51
3536,62
3537,56
3538,56
3539,68
3540,59
3541,55
3542,74
3543,34
3544,47
3545,49
3546,62
3547,68
3548,60
3549,40
3550,46
3551,60
3552,46
3553,57
3554,50
3555,44
3556,32
3557,44
3558,49
3559,44
3560,51
3561,56
3562,46
3563,51
3564,54
3565,50
3566,45
3567,54
3568,56
3569,44
3570,49
3571,43
3572,51
3573,51
3574,39
3575,35
3576,48
3577,52
3578,60
3579,48
3580,51
3581,46
3582,51
3583,48
3584,36
3585,40
3586,44
3587,46
3588,43
3589,37
3590,46
3591,41
3592,41
3593,51
3594,30
3595,43
3596,42
3597,30
3598,38
3599,44
3600,39
3601,37
3602,40
3603,39
3604,34
3605,29
3606,40
3607,36
3608,28
3609,35
3610,33
3611,44
3612,40
3613,39
3614,48
3615,46
3616,31
3617,38
3618,36
3619,35
3620,34
3621,31
3622,39
3623,38
3624,41
3625,30
3626,43
3627,32
3628,38
3629,26
3630,32
3631,46
3632,42
3633,43
3634,29
3635,40
3636,34
3637,44
3638,45
3639,43
3640,39
3641,45
3642,41
3643,25
3644,38
3645,41
3646,34
3647,34
3648,34
3649,44
3650,44
3651,25
3652,39
3653,44
3654,25
3655,50
3656,40
3657,34
3658,31
3659,33
3660,28
3661,43
3662,44
3663,35
3664,31
3665,38
3666,29
3667,33
3668,26
3669,37
3670,37
3671,37
3672,32
3673,39
3674,37
3675,30
3676,43
3677,34
3678,36
3679,38
3680,37
3681,45
3682,40
3683,36
3684,41
3685,30
3686,29
3687,47
3688,34
3689,18
3690,32
3691,32
3692,38
3693,38
3694,36
3695,45
3696,36
3697,35
3698,38
3699,25
3700,29
3701,26
3702,32
3703,40
3704,35
3705,29
3706,54
3707,29
3708,29
3709,48
3710,31
3711,35
3712,32
3713,34
3714,45
3715,39
3716,42
3717,30
3718,36
3719,43
3720,41
3721,37
3722,38
3723,36
3724,33
3725,28
3726,42
3727,29
3728,35
3729,30
3730,29
3731,30
3732,36
3733,35
3734,47
3735,31
3736,43
3737,34
3738,50
3739,26
3740,44
3741,31
3742,29
3743,38
3744,41
3745,39
3746,41
3747,39
3748,33
3749,27
3750,38
3751,29
3752,39
3753,38
3754,35
3755,33
3756,34
3757,29
3758,33
3759,32
3760,44
3761,43
3762,33
3763,27
3764,31
3765,39
3766,44
3767,39
3768,26
3769,28
3770,32
3771,22
3772,46
3773,45
3774,45
3775,39
3776,40
3777,42
3778,39
3779,43
3780,34
3781,41
3782,39
3783,36
3784,22
3785,41
3786,23
3787,25
3788,46
3789,34
3790,40
3791,41
3792,44
3793,32
3794,40
3795,29
3796,50
3797,41
3798,33
3799,29
3800,35
3801,40
3802,31
3803,32
3804,34
3805,31
3806,30
3807,29
3808,41
3809,38
3810,36
3811,32
3812,39
3813,37
3814,28
3815,36
3816,43
3817,29
3818,33
3819,34
3820,43
3821,30
3822,37
3823,36
3824,43
3825,39
3826,31
3827,38
3828,25
3829,36
3830,27
3831,32
3832,29
3833,37
3834,41
3835,32
3836,42
3837,39
3838,31
3839,39
3840,31
3841,40
3842,30
3843,33
3844,27
3845,32
3846,32
3847,31
3848,43
3849,33
3850,34
3851,29
3852,28
3853,25
3854,41
3855,34
3856,33
3857,37
3858,29
3859,40
3860,21
3861,39
3862,36
3863,30
3864,41
3865,36
3866,35
3867,30
3868,36
3869,35
3870,33
3871,38
3872,36
3873,38
3874,43
3875,36
3876,42
3877,32
3878,29
3879,28
3880,41
3881,33
3882,31
3883,28
3884,23
3885,35
3886,27
3887,35
3888,40
3889,34
3890,32
3891,37
3892,37
3893,30
3894,36
3895,37
3896,33
3897,31
3898,32
3899,32
3900,25
3901,33
3902,31
3903,37
3904,33
3905,32
3906,39
3907,34
3908,34
3909,31
3910,39
3911,41
3912,37
3913,36
3914,18
3915,25
3916,26
3917,39
3918,35
3919,28
3920,24
3921,31
3922,35
3923,25
3924,35
3925,27
3926,42
3927,30
3928,25
3929,36
3930,27
3931,34
3932,29
3933,44
3934,33
3935,33
3936,28
3937,26
3938,31
3939,37
3940,33
3941,37
3942,29
3943,33
3944,31
3945,37
3946,36
3947,38
3948,31
3949,26
3950,30
3951,25
3952,28
3953,34
3954,29
3955,33
3956,28
3957,28
3958,32
3959,23
3960,32
3961,30
3962,37
3963,31
3964,32
3965,33
3966,25
3967,29
3968,32
3969,21
3970,27
3971,31
3972,32
3973,39
3974,27
3975,38
3976,29
3977,30
3978,30
3979,34
3980,26
3981,31
3982,32
3983,37
3984,35
3985,28
3986,41
3987,29
3988,31
3989,31
3990,31
3991,41
3992,32
3993,27
3994,28
3995,32
3996,31
3997,34
3998,27
3999,33
4000,29
4001,25
4002,33
4003,33
4004,25
4005,27
4006,35
4007,37
4008,30
4009,44
4010,38
4011,29
4012,30
4013,35
4014,30
4015,38
4016,34
4017,32
4018,32
4019,33
4020,37
4021,29
4022,33
4023,30
4024,37
4025,37
4026,23
4027,37
4028,36
4029,22
4030,39
4031,25
4032,0
4033,0
4034,0
4035,0
4036,0
4037,0
4038,0
4039,0
4040,0
4041,0
4042,0
4043,0
4044,0
4045,0
4046,0
4047,0
4048,0
4049,0
4050,0
4051,0
4052,0
4053,0
4054,0
4055,0
4056,0
4057,0
4058,0
4059,0
4060,0
4061,0
4062,0
4063,0
4064,0
4065,0
4066,0
4067,0
4068,0
4069,0
4070,0
4071,0
4072,0
4073,0
4074,0
4075,0
4076,0
4077,0
4078,0
4079,0
4080,0
4081,0
4082,0
4083,0
4084,0
4085,0
4086,0
4087,0
4088,0
4089,0
4090,0
4091,0
4092,0
4093,0
4094,0
4095,0
4096,0
