canal,I_gamma
0,0
1,0
2,0
3,0
4,0
5,0
6,0
7,0
8,0
9,0
10,0
11,0
12,0
13,0
14,0
15,0
16,0
17,0
18,0
19,0
20,0
21,0
22,0
23,0
24,0
25,0
26,0
27,0
28,0
29,0
30,0
31,0
32,0
33,0
34,0
35,0
36,0
37,0
38,0
39,0
40,0
41,0
42,0
43,1697
44,1703
45,1710
46,1824
47,1821
48,1793
49,1769
50,1744
51,1801
52,1655
53,1695
54,1769
55,1676
56,1749
57,1718
58,1629
59,1612
60,1674
61,1713
62,1628
63,1644
64,1539
65,1573
66,1557
67,1510
68,1488
69,1587
70,1484
71,1572
72,1566
73,1536
74,1462
75,1466
76,1503
77,1515
78,1465
79,1424
80,1477
81,1459
82,1415
83,1467
84,1459
85,1370
86,1408
87,1392
88,1383
89,1340
90,1359
91,1399
92,1374
93,1318
94,1332
95,1419
96,1281
97,1336
98,1352
99,1345
100,1368
101,1290
102,1297
103,1307
104,1286
105,1399
106,1397
107,1442
108,1379
109,1450
110,1497
111,1482
112,1544
113,1493
114,1575
115,1430
116,1424
117,1433
118,1412
119,1329
120,1366
121,1329
122,1406
123,1349
124,1413
125,1361
126,1411
127,1516
128,1438
129,1536
130,1649
131,1618
132,1747
133,1750
134,1788
135,1813
136,1759
137,1813
138,1750
139,1803
140,1740
141,1813
142,1756
143,1785
144,1806
145,1735
146,1678
147,1742
148,1691
149,1631
150,1695
151,1758
152,1637
153,1718
154,1735
155,1742
156,1733
157,1807
158,1723
159,1870
160,1912
161,2060
162,2509
163,3073
164,3877
165,5244
166,7007
167,9254
168,11165
169,12496
170,12955
171,12104
172,10661
173,8968
174,7274
175,5870
176,4419
177,3381
178,2658
179,2117
180,1734
181,1540
182,1311
183,1265
184,1181
185,1231
186,1107
187,1134
188,1110
189,1147
190,1115
191,1085
192,1083
193,1043
194,1080
195,1034
196,1066
197,1066
198,1084
199,1029
200,1062
201,1081
202,1103
203,1098
204,1054
205,1094
206,1061
207,1075
208,1077
209,1084
210,1095
211,1072
212,1177
213,1039
214,1083
215,1068
216,1069
217,1109
218,1106
219,1111
220,1154
221,1158
222,1036
223,1079
224,1063
225,1161
226,1111
227,1102
228,1129
229,1132
230,1114
231,1122
232,1129
233,1075
234,1094
235,1044
236,1101
237,1127
238,1138
239,1139
240,1039
241,1157
242,1169
243,1154
244,1177
245,1156
246,1142
247,1143
248,1160
249,1172
250,1214
251,1156
252,1191
253,1138
254,1210
255,1215
256,1156
257,1179
258,1186
259,1211
260,1194
261,1129
262,1175
263,1203
264,1225
265,1219
266,1161
267,1176
268,1235
269,1194
270,1156
271,1239
272,1202
273,1187
274,1283
275,1194
276,1239
277,1240
278,1258
279,1255
280,1229
281,1313
282,1273
283,1231
284,1240
285,1341
286,1272
287,1338
288,1265
289,1297
290,1302
291,1286
292,1325
293,1308
294,1362
295,1382
296,1365
297,1359
298,1340
299,1397
300,1415
301,1348
302,1362
303,1381
304,1407
305,1396
306,1415
307,1416
308,1397
309,1427
310,1462
311,1530
312,1478
313,1471
314,1482
315,1532
316,1618
317,1540
318,1536
319,1533
320,1610
321,1578
322,1557
323,1614
324,1616
325,1631
326,1625
327,1488
328,1567
329,1568
330,1566
331,1582
332,1660
333,1701
334,1801
335,1809
336,1808
337,1692
338,1728
339,1677
340,1639
341,1595
342,1582
343,1520
344,1526
345,1448
346,1341
347,1370
348,1428
349,1404
350,1429
351,1382
352,1388
353,1456
354,1447
355,1447
356,1357
357,1391
358,1392
359,1414
360,1296
361,1370
362,1381
363,1337
364,1417
365,1385
366,1382
367,1299
368,1357
369,1373
370,1372
371,1280
372,1360
373,1357
374,1382
375,1367
376,1455
377,1390
378,1313
379,1443
380,1369
381,1399
382,1375
383,1436
384,1361
385,1393
386,1412
387,1480
388,1444
389,1491
390,1444
391,1523
392,1511
393,1482
394,1511
395,1508
396,1530
397,1511
398,1575
399,1455
400,1523
401,1513
402,1510
403,1478
404,1447
405,1457
406,1458
407,1430
408,1484
409,1479
410,1483
411,1364
412,1378
413,1519
414,1358
415,1377
416,1434
417,1412
418,1419
419,1330
420,1454
421,1396
422,1410
423,1414
424,1368
425,1398
426,1340
427,1352
428,1302
429,1325
430,1354
431,1263
432,1293
433,1269
434,1219
435,1234
436,1329
437,1184
438,1256
439,1238
440,1169
441,1152
442,1228
443,1207
444,1202
445,1145
446,1163
447,1180
448,1207
449,1163
450,1101
451,1107
452,1106
453,1114
454,1150
455,1069
456,1064
457,1100
458,1090
459,1105
460,1136
461,1180
462,1161
463,1200
464,1154
465,1272
466,1150
467,1201
468,1100
469,1107
470,1112
471,1121
472,1060
473,1068
474,990
475,1016
476,1023
477,1032
478,1026
479,998
480,1009
481,1021
482,1010
483,1039
484,947
485,1026
486,1019
487,964
488,976
489,951
490,913
491,926
492,889
493,885
494,850
495,935
496,922
497,935
498,923
499,945
500,945
501,944
502,912
503,932
504,915
505,893
506,939
507,844
508,874
509,899
510,896
511,888
512,883
513,900
514,886
515,903
516,878
517,881
518,818
519,869
520,873
521,844
522,842
523,875
524,883
525,834
526,879
527,895
528,835
529,863
530,830
531,878
532,826
533,851
534,841
535,779
536,811
537,865
538,829
539,860
540,837
541,852
542,785
543,783
544,766
545,825
546,790
547,803
548,797
549,783
550,785
551,854
552,759
553,805
554,790
555,814
556,785
557,812
558,777
559,809
560,823
561,790
562,782
563,768
564,802
565,767
566,790
567,778
568,825
569,922
570,935
571,1200
572,1433
573,1823
574,2161
575,2498
576,2727
577,2611
578,2541
579,2258
580,1912
581,1689
582,1360
583,1280
584,1030
585,954
586,876
587,827
588,825
589,789
590,777
591,760
592,727
593,750
594,761
595,713
596,764
597,759
598,737
599,754
600,719
601,702
602,752
603,740
604,785
605,728
606,749
607,741
608,703
609,702
610,726
611,720
612,733
613,726
614,773
615,680
616,752
617,700
618,698
619,734
620,718
621,777
622,832
623,875
624,997
625,1325
626,1791
627,2335
628,3271
629,4156
630,4902
631,5328
632,5294
633,4878
634,4239
635,3740
636,2978
637,2451
638,1925
639,1583
640,1177
641,1052
642,940
643,842
644,748
645,744
646,715
647,716
648,719
649,690
650,679
651,685
652,634
653,670
654,670
655,635
656,592
657,678
658,625
659,727
660,659
661,639
662,633
663,680
664,689
665,687
666,676
667,624
668,668
669,621
670,698
671,663
672,651
673,646
674,638
675,664
676,657
677,675
678,620
679,661
680,658
681,655
682,683
683,693
684,634
685,627
686,621
687,652
688,598
689,682
690,718
691,660
692,690
693,631
694,631
695,666
696,679
697,594
698,616
699,661
700,623
701,662
702,655
703,640
704,671
705,634
706,647
707,714
708,643
709,635
710,691
711,615
712,687
713,643
714,628
715,675
716,595
717,599
718,683
719,614
720,637
721,662
722,653
723,584
724,612
725,643
726,633
727,638
728,614
729,637
730,670
731,689
732,814
733,921
734,1245
735,1834
736,2810
737,4392
738,6516
739,9109
740,11825
741,13875
742,14172
743,13926
744,12308
745,10518
746,8470
747,6724
748,5107
749,3706
750,2731
751,1843
752,1431
753,1123
754,919
755,860
756,665
757,668
758,679
759,646
760,599
761,566
762,568
763,618
764,554
765,594
766,580
767,555
768,541
769,532
770,526
771,563
772,573
773,549
774,530
775,549
776,512
777,529
778,554
779,541
780,473
781,553
782,541
783,519
784,519
785,506
786,529
787,562
788,472
789,534
790,567
791,565
792,642
793,750
794,851
795,1172
796,1433
797,1826
798,2114
799,2398
800,2540
801,2384
802,2182
803,1899
804,1668
805,1375
806,1122
807,989
808,810
809,715
810,631
811,616
812,589
813,547
814,530
815,492
816,543
817,524
818,516
819,539
820,565
821,541
822,497
823,493
824,515
825,558
826,446
827,547
828,551
829,512
830,527
831,520
832,530
833,518
834,525
835,527
836,518
837,510
838,549
839,544
840,525
841,565
842,521
843,546
844,522
845,539
846,515
847,543
848,554
849,518
850,506
851,561
852,547
853,536
854,532
855,532
856,552
857,562
858,531
859,543
860,517
861,503
862,517
863,558
864,496
865,555
866,552
867,528
868,549
869,565
870,548
871,581
872,539
873,559
874,578
875,533
876,589
877,572
878,630
879,588
880,569
881,563
882,570
883,583
884,655
885,553
886,639
887,587
888,579
889,617
890,555
891,568
892,556
893,600
894,631
895,575
896,603
897,617
898,587
899,606
900,589
901,595
902,627
903,620
904,677
905,670
906,700
907,763
908,817
909,885
910,854
911,842
912,817
913,835
914,751
915,779
916,685
917,703
918,627
919,601
920,670
921,617
922,615
923,627
924,660
925,640
926,593
927,614
928,592
929,638
930,651
931,641
932,638
933,610
934,644
935,674
936,606
937,589
938,676
939,611
940,621
941,687
942,652
943,666
944,634
945,680
946,669
947,623
948,646
949,652
950,621
951,633
952,634
953,668
954,662
955,746
956,672
957,678
958,709
959,627
960,670
961,657
962,653
963,722
964,689
965,655
966,722
967,704
968,698
969,656
970,671
971,689
972,693
973,714
974,733
975,705
976,716
977,691
978,686
979,675
980,732
981,728
982,673
983,698
984,677
985,687
986,636
987,668
988,657
989,664
990,630
991,645
992,631
993,585
994,601
995,591
996,592
997,494
998,486
999,539
1000,502
1001,529
1002,493
1003,501
1004,465
1005,470
1006,446
1007,477
1008,409
1009,472
1010,418
1011,430
1012,420
1013,397
1014,450
1015,384
1016,425
1017,416
1018,418
1019,436
1020,440
1021,428
1022,371
1023,391
1024,396
1025,366
1026,400
1027,392
1028,396
1029,377
1030,358
1031,369
1032,368
1033,360
1034,356
1035,370
1036,373
1037,358
1038,317
1039,370
1040,347
1041,357
1042,369
1043,342
1044,380
1045,341
1046,357
1047,321
1048,336
1049,396
1050,387
1051,350
1052,354
1053,337
1054,374
1055,410
1056,429
1057,479
1058,569
1059,722
1060,847
1061,993
1062,1109
1063,1168
1064,1265
1065,1242
1066,1246
1067,1120
1068,986
1069,916
1070,790
1071,642
1072,583
1073,493
1074,452
1075,400
1076,346
1077,310
1078,323
1079,291
1080,265
1081,287
1082,294
1083,269
1084,286
1085,317
1086,252
1087,284
1088,244
1089,266
1090,278
1091,253
1092,280
1093,256
1094,269
1095,280
1096,287
1097,267
1098,284
1099,243
1100,253
1101,245
1102,260
1103,271
1104,222
1105,261
1106,231
1107,211
1108,269
1109,241
1110,261
1111,236
1112,228
1113,215
1114,238
1115,236
1116,228
1117,237
1118,246
1119,224
1120,228
1121,212
1122,230
1123,239
1124,215
1125,236
1126,238
1127,217
1128,252
1129,204
1130,228
1131,210
1132,223
1133,238
1134,185
1135,199
1136,196
1137,222
1138,208
1139,223
1140,191
1141,174
1142,209
1143,174
1144,213
1145,205
1146,204
1147,197
1148,183
1149,177
1150,188
1151,182
1152,182
1153,197
1154,180
1155,187
1156,191
1157,195
1158,208
1159,188
1160,199
1161,177
1162,168
1163,167
1164,170
1165,187
1166,173
1167,171
1168,179
1169,174
1170,171
1171,209
1172,180
1173,162
1174,172
1175,181
1176,166
1177,155
1178,151
1179,165
1180,170
1181,175
1182,177
1183,149
1184,166
1185,185
1186,187
1187,150
1188,182
1189,173
1190,177
1191,176
1192,150
1193,173
1194,125
1195,165
1196,159
1197,154
1198,159
1199,177
1200,193
1201,183
1202,162
1203,168
1204,171
1205,159
1206,166
1207,179
1208,145
1209,171
1210,152
1211,160
1212,153
1213,155
1214,143
1215,166
1216,153
1217,163
1218,160
1219,147
1220,142
1221,166
1222,181
1223,184
1224,154
1225,181
1226,142
1227,179
1228,140
1229,170
1230,152
1231,158
1232,165
1233,142
1234,149
1235,162
1236,151
1237,165
1238,138
1239,171
1240,144
1241,158
1242,145
1243,163
1244,171
1245,159
1246,166
1247,159
1248,142
1249,167
1250,151
1251,138
1252,165
1253,137
1254,159
1255,153
1256,141
1257,129
1258,135
1259,157
1260,121
1261,149
1262,124
1263,164
1264,161
1265,173
1266,149
1267,168
1268,133
1269,142
1270,150
1271,143
1272,142
1273,146
1274,126
1275,154
1276,147
1277,158
1278,149
1279,140
1280,165
1281,139
1282,143
1283,147
1284,149
1285,160
1286,142
1287,138
1288,168
1289,140
1290,154
1291,146
1292,149
1293,151
1294,148
1295,121
1296,149
1297,139
1298,127
1299,144
1300,140
1301,141
1302,135
1303,136
1304,133
1305,144
1306,139
1307,160
1308,116
1309,164
1310,124
1311,153
1312,130
1313,125
1314,142
1315,143
1316,143
1317,153
1318,145
1319,123
1320,169
1321,131
1322,143
1323,126
1324,143
1325,151
1326,143
1327,139
1328,117
1329,132
1330,129
1331,139
1332,151
1333,152
1334,110
1335,143
1336,148
1337,167
1338,142
1339,125
1340,157
1341,128
1342,138
1343,150
1344,136
1345,137
1346,131
1347,138
1348,145
1349,134
1350,125
1351,130
1352,139
1353,150
1354,130
1355,150
1356,161
1357,147
1358,167
1359,167
1360,154
1361,174
1362,133
1363,158
1364,145
1365,174
1366,227
1367,248
1368,400
1369,698
1370,1225
1371,2129
1372,3665
1373,5879
1374,8818
1375,12329
1376,15336
1377,17357
1378,18026
1379,17082
1380,15164
1381,12421
1382,9892
1383,7644
1384,5458
1385,3789
1386,2588
1387,1774
1388,1129
1389,739
1390,481
1391,338
1392,257
1393,230
1394,190
1395,134
1396,147
1397,108
1398,105
1399,110
1400,83
1401,85
1402,84
1403,81
1404,84
1405,81
1406,81
1407,66
1408,82
1409,72
1410,67
1411,79
1412,80
1413,71
1414,59
1415,69
1416,76
1417,68
1418,65
1419,66
1420,70
1421,77
1422,73
1423,63
1424,65
1425,75
1426,75
1427,73
1428,62
1429,62
1430,61
1431,76
1432,78
1433,74
1434,94
1435,62
1436,77
1437,70
1438,68
1439,79
1440,64
1441,75
1442,84
1443,64
1444,69
1445,70
1446,89
1447,62
1448,65
1449,69
1450,69
1451,76
1452,65
1453,67
1454,62
1455,77
1456,62
1457,65
1458,87
1459,68
1460,71
1461,76
1462,63
1463,83
1464,69
1465,61
1466,82
1467,71
1468,68
1469,77
1470,73
1471,71
1472,85
1473,72
1474,89
1475,81
1476,79
1477,61
1478,74
1479,78
1480,74
1481,62
1482,66
1483,69
1484,71
1485,63
1486,74
1487,75
1488,76
1489,75
1490,67
1491,84
1492,74
1493,54
1494,57
1495,83
1496,80
1497,72
1498,66
1499,67
1500,73
1501,73
1502,59
1503,71
1504,73
1505,55
1506,85
1507,64
1508,88
1509,61
1510,64
1511,81
1512,70
1513,80
1514,65
1515,83
1516,75
1517,78
1518,75
1519,65
1520,68
1521,76
1522,67
1523,68
1524,75
1525,75
1526,74
1527,90
1528,74
1529,81
1530,73
1531,92
1532,60
1533,74
1534,74
1535,68
1536,76
1537,91
1538,67
1539,82
1540,48
1541,95
1542,86
1543,83
1544,57
1545,77
1546,83
1547,90
1548,86
1549,81
1550,82
1551,67
1552,80
1553,77
1554,73
1555,54
1556,67
1557,89
1558,59
1559,77
1560,56
1561,74
1562,84
1563,64
1564,58
1565,83
1566,84
1567,77
1568,76
1569,82
1570,76
1571,61
1572,93
1573,81
1574,61
1575,58
1576,65
1577,54
1578,69
1579,78
1580,75
1581,65
1582,74
1583,74
1584,91
1585,57
1586,70
1587,83
1588,68
1589,83
1590,66
1591,84
1592,78
1593,90
1594,83
1595,81
1596,73
1597,70
1598,76
1599,63
1600,68
1601,66
1602,72
1603,86
1604,69
1605,74
1606,82
1607,67
1608,73
1609,81
1610,75
1611,92
1612,65
1613,73
1614,67
1615,67
1616,75
1617,61
1618,70
1619,67
1620,76
1621,76
1622,68
1623,73
1624,68
1625,67
1626,79
1627,68
1628,59
1629,79
1630,69
1631,73
1632,77
1633,86
1634,65
1635,92
1636,79
1637,63
1638,83
1639,73
1640,69
1641,75
1642,71
1643,77
1644,89
1645,73
1646,68
1647,72
1648,77
1649,62
1650,97
1651,62
1652,84
1653,81
1654,76
1655,73
1656,68
1657,91
1658,75
1659,79
1660,67
1661,74
1662,85
1663,77
1664,73
1665,80
1666,69
1667,83
1668,79
1669,69
1670,82
1671,80
1672,81
1673,71
1674,72
1675,65
1676,59
1677,78
1678,79
1679,74
1680,81
1681,66
1682,91
1683,76
1684,97
1685,78
1686,80
1687,97
1688,77
1689,80
1690,78
1691,80
1692,85
1693,69
1694,86
1695,74
1696,82
1697,78
1698,76
1699,98
1700,60
1701,74
1702,64
1703,70
1704,86
1705,80
1706,85
1707,96
1708,80
1709,84
1710,108
1711,88
1712,95
1713,84
1714,74
1715,91
1716,76
1717,76
1718,81
1719,78
1720,70
1721,78
1722,75
1723,75
1724,81
1725,86
1726,81
1727,77
1728,77
1729,74
1730,83
1731,87
1732,83
1733,80
1734,71
1735,85
1736,81
1737,89
1738,76
1739,56
1740,92
1741,65
1742,87
1743,80
1744,92
1745,88
1746,92
1747,79
1748,77
1749,98
1750,79
1751,88
1752,106
1753,70
1754,98
1755,83
1756,87
1757,95
1758,80
1759,83
1760,87
1761,90
1762,85
1763,94
1764,86
1765,84
1766,89
1767,82
1768,90
1769,79
1770,74
1771,76
1772,93
1773,91
1774,81
1775,86
1776,105
1777,83
1778,79
1779,77
1780,88
1781,86
1782,86
1783,90
1784,97
1785,80
1786,81
1787,102
1788,73
1789,89
1790,100
1791,90
1792,100
1793,71
1794,85
1795,83
1796,90
1797,90
1798,104
1799,90
1800,86
1801,78
1802,97
1803,81
1804,72
1805,89
1806,85
1807,83
1808,79
1809,89
1810,82
1811,87
1812,84
1813,103
1814,95
1815,86
1816,73
1817,102
1818,80
1819,95
1820,84
1821,78
1822,104
1823,103
1824,77
1825,90
1826,89
1827,95
1828,71
1829,101
1830,89
1831,98
1832,93
1833,87
1834,96
1835,91
1836,81
1837,92
1838,84
1839,99
1840,96
1841,99
1842,100
1843,92
1844,93
1845,93
1846,98
1847,89
1848,87
1849,104
1850,86
1851,84
1852,112
1853,88
1854,79
1855,112
1856,100
1857,92
1858,89
1859,86
1860,95
1861,92
1862,96
1863,89
1864,100
1865,98
1866,79
1867,91
1868,88
1869,92
1870,92
1871,121
1872,80
1873,102
1874,108
1875,105
1876,105
1877,115
1878,113
1879,113
1880,85
1881,112
1882,97
1883,101
1884,95
1885,101
1886,116
1887,110
1888,86
1889,100
1890,90
1891,94
1892,99
1893,95
1894,105
1895,92
1896,113
1897,118
1898,112
1899,89
1900,103
1901,93
1902,102
1903,100
1904,114
1905,105
1906,101
1907,100
1908,106
1909,105
1910,102
1911,115
1912,100
1913,102
1914,116
1915,97
1916,129
1917,113
1918,110
1919,121
1920,99
1921,108
1922,107
1923,99
1924,120
1925,100
1926,126
1927,106
1928,128
1929,104
1930,99
1931,114
1932,101
1933,134
1934,87
1935,102
1936,100
1937,95
1938,105
1939,95
1940,118
1941,111
1942,81
1943,148
1944,111
1945,123
1946,110
1947,113
1948,118
1949,120
1950,123
1951,116
1952,97
1953,124
1954,108
1955,118
1956,110
1957,124
1958,95
1959,112
1960,102
1961,112
1962,110
1963,112
1964,129
1965,102
1966,121
1967,111
1968,126
1969,114
1970,110
1971,118
1972,114
1973,130
1974,106
1975,120
1976,103
1977,117
1978,101
1979,107
1980,104
1981,113
1982,119
1983,120
1984,119
1985,111
1986,129
1987,121
1988,128
1989,105
1990,117
1991,125
1992,108
1993,117
1994,131
1995,128
1996,104
1997,98
1998,127
1999,114
2000,125
2001,114
2002,115
2003,96
2004,110
2005,122
2006,107
2007,106
2008,109
2009,102
2010,102
2011,102
2012,101
2013,87
2014,90
2015,90
2016,97
2017,79
2018,97
2019,92
2020,88
2021,101
2022,79
2023,78
2024,83
2025,89
2026,96
2027,109
2028,86
2029,117
2030,90
2031,95
2032,95
2033,83
2034,88
2035,81
2036,80
2037,101
2038,84
2039,107
2040,92
2041,91
2042,88
2043,83
2044,94
2045,86
2046,69
2047,95
2048,101
2049,76
2050,86
2051,71
2052,105
2053,79
2054,96
2055,89
2056,87
2057,81
2058,80
2059,70
2060,75
2061,92
2062,80
2063,80
2064,75
2065,76
2066,73
2067,89
2068,101
2069,79
2070,87
2071,89
2072,78
2073,104
2074,86
2075,85
2076,78
2077,89
2078,77
2079,85
2080,98
2081,71
2082,88
2083,91
2084,87
2085,80
2086,81
2087,67
2088,104
2089,95
2090,81
2091,96
2092,90
2093,88
2094,70
2095,83
2096,73
2097,86
2098,85
2099,82
2100,83
2101,72
2102,77
2103,105
2104,84
2105,80
2106,84
2107,81
2108,89
2109,76
2110,75
2111,96
2112,100
2113,106
2114,71
2115,70
2116,91
2117,96
2118,93
2119,87
2120,70
2121,81
2122,95
2123,86
2124,95
2125,84
2126,92
2127,82
2128,89
2129,79
2130,85
2131,68
2132,80
2133,73
2134,86
2135,77
2136,84
2137,79
2138,83
2139,87
2140,64
2141,83
2142,94
2143,78
2144,73
2145,79
2146,95
2147,87
2148,84
2149,83
2150,99
2151,86
2152,86
2153,78
2154,92
2155,70
2156,93
2157,87
2158,84
2159,92
2160,65
2161,74
2162,63
2163,61
2164,83
2165,72
2166,84
2167,80
2168,73
2169,71
2170,70
2171,86
2172,86
2173,85
2174,75
2175,83
2176,84
2177,77
2178,75
2179,83
2180,88
2181,71
2182,83
2183,80
2184,88
2185,73
2186,70
2187,81
2188,64
2189,80
2190,96
2191,88
2192,69
2193,74
2194,77
2195,70
2196,92
2197,93
2198,85
2199,81
2200,73
2201,69
2202,74
2203,87
2204,83
2205,93
2206,88
2207,85
2208,86
2209,69
2210,81
2211,68
2212,88
2213,70
2214,78
2215,72
2216,66
2217,72
2218,80
2219,73
2220,69
2221,69
2222,75
2223,77
2224,91
2225,78
2226,83
2227,82
2228,70
2229,84
2230,80
2231,79
2232,81
2233,76
2234,72
2235,74
2236,78
2237,72
2238,66
2239,90
2240,81
2241,81
2242,70
2243,64
2244,76
2245,72
2246,76
2247,81
2248,72
2249,81
2250,82
2251,85
2252,67
2253,72
2254,81
2255,60
2256,64
2257,84
2258,77
2259,66
2260,79
2261,87
2262,79
2263,81
2264,80
2265,66
2266,64
2267,85
2268,78
2269,65
2270,66
2271,85
2272,74
2273,81
2274,78
2275,91
2276,75
2277,69
2278,74
2279,63
2280,75
2281,75
2282,64
2283,80
2284,72
2285,69
2286,76
2287,71
2288,73
2289,72
2290,72
2291,87
2292,82
2293,93
2294,64
2295,73
2296,80
2297,58
2298,89
2299,77
2300,68
2301,71
2302,79
2303,86
2304,86
2305,87
2306,76
2307,85
2308,100
2309,67
2310,81
2311,84
2312,93
2313,78
2314,78
2315,79
2316,75
2317,58
2318,73
2319,71
2320,89
2321,76
2322,79
2323,68
2324,73
2325,54
2326,76
2327,67
2328,53
2329,62
2330,64
2331,67
2332,55
2333,57
2334,55
2335,61
2336,63
2337,59
2338,46
2339,54
2340,45
2341,51
2342,46
2343,51
2344,61
2345,48
2346,47
2347,51
2348,51
2349,54
2350,47
2351,53
2352,48
2353,42
2354,52
2355,41
2356,47
2357,65
2358,49
2359,42
2360,47
2361,43
2362,54
2363,50
2364,34
2365,38
2366,50
2367,61
2368,68
2369,62
2370,48
2371,55
2372,41
2373,60
2374,34
2375,42
2376,42
2377,41
2378,39
2379,51
2380,34
2381,38
2382,37
2383,50
2384,41
2385,36
2386,65
2387,54
2388,58
2389,53
2390,29
2391,39
2392,53
2393,45
2394,35
2395,43
2396,46
2397,32
2398,47
2399,41
2400,31
2401,38
2402,40
2403,49
2404,44
2405,43
2406,46
2407,41
2408,37
2409,46
2410,51
2411,49
2412,35
2413,42
2414,39
2415,44
2416,34
2417,39
2418,40
2419,44
2420,47
2421,43
2422,47
2423,45
2424,41
2425,32
2426,50
2427,48
2428,39
2429,64
2430,64
2431,62
2432,93
2433,168
2434,238
2435,381
2436,688
2437,1000
2438,1421
2439,1786
2440,2033
2441,2171
2442,2192
2443,2076
2444,1704
2445,1516
2446,1117
2447,820
2448,620
2449,460
2450,312
2451,193
2452,142
2453,103
2454,82
2455,64
2456,53
2457,36
2458,45
2459,35
2460,35
2461,38
2462,30
2463,30
2464,30
2465,26
2466,39
2467,28
2468,16
2469,25
2470,22
2471,27
2472,29
2473,31
2474,35
2475,30
2476,29
2477,32
2478,28
2479,17
2480,25
2481,31
2482,17
2483,22
2484,12
2485,22
2486,17
2487,16
2488,15
2489,24
2490,23
2491,32
2492,31
2493,19
2494,18
2495,29
2496,25
2497,20
2498,16
2499,24
2500,23
2501,18
2502,20
2503,21
2504,12
2505,20
2506,25
2507,25
2508,15
2509,26
2510,29
2511,20
2512,14
2513,21
2514,26
2515,16
2516,14
2517,14
2518,17
2519,21
2520,16
2521,15
2522,11
2523,29
2524,14
2525,19
2526,17
2527,16
2528,12
2529,13
2530,21
2531,18
2532,23
2533,15
2534,21
2535,22
2536,13
2537,21
2538,13
2539,14
2540,20
2541,16
2542,10
2543,9
2544,12
2545,15
2546,21
2547,14
2548,18
2549,18
2550,11
2551,11
2552,18
2553,17
2554,13
2555,13
2556,14
2557,11
2558,14
2559,17
2560,19
2561,23
2562,14
2563,19
2564,8
2565,12
2566,9
2567,9
2568,20
2569,12
2570,12
2571,7
2572,4
2573,13
2574,9
2575,12
2576,11
2577,15
2578,7
2579,8
2580,19
2581,13
2582,4
2583,20
2584,14
2585,9
2586,14
2587,16
2588,13
2589,9
2590,14
2591,14
2592,11
2593,11
2594,15
2595,7
2596,13
2597,10
2598,11
2599,16
2600,14
2601,8
2602,11
2603,14
2604,9
2605,14
2606,10
2607,12
2608,13
2609,8
2610,16
2611,13
2612,11
2613,7
2614,14
2615,18
2616,10
2617,8
2618,9
2619,19
2620,8
2621,8
2622,10
2623,13
2624,6
2625,13
2626,10
2627,16
2628,10
2629,11
2630,10
2631,8
2632,6
2633,11
2634,7
2635,10
2636,5
2637,17
2638,5
2639,12
2640,8
2641,20
2642,15
2643,26
2644,28
2645,52
2646,71
2647,111
2648,158
2649,236
2650,255
2651,295
2652,298
2653,302
2654,264
2655,209
2656,150
2657,127
2658,110
2659,76
2660,44
2661,33
2662,38
2663,16
2664,14
2665,10
2666,10
2667,11
2668,10
2669,16
2670,9
2671,8
2672,7
2673,13
2674,12
2675,8
2676,8
2677,11
2678,13
2679,11
2680,5
2681,5
2682,12
2683,6
2684,11
2685,5
2686,7
2687,6
2688,5
2689,6
2690,11
2691,6
2692,7
2693,9
2694,10
2695,8
2696,5
2697,13
2698,7
2699,5
2700,6
2701,15
2702,8
2703,4
2704,11
2705,7
2706,6
2707,5
2708,9
2709,4
2710,2
2711,10
2712,9
2713,8
2714,10
2715,8
2716,6
2717,5
2718,5
2719,4
2720,17
2721,5
2722,10
2723,5
2724,9
2725,8
2726,5
2727,14
2728,8
2729,9
2730,11
2731,12
2732,5
2733,8
2734,6
2735,3
2736,7
2737,6
2738,9
2739,10
2740,5
2741,7
2742,12
2743,13
2744,8
2745,12
2746,8
2747,9
2748,11
2749,12
2750,8
2751,7
2752,9
2753,11
2754,11
2755,10
2756,10
2757,11
2758,13
2759,7
2760,7
2761,25
2762,38
2763,61
2764,146
2765,241
2766,345
2767,602
2768,896
2769,1329
2770,1670
2771,1873
2772,2018
2773,1889
2774,1653
2775,1400
2776,1193
2777,987
2778,750
2779,519
2780,354
2781,278
2782,159
2783,90
2784,64
2785,46
2786,38
2787,26
2788,18
2789,9
2790,12
2791,7
2792,12
2793,12
2794,8
2795,4
2796,6
2797,2
2798,5
2799,7
2800,2
2801,2
2802,6
2803,3
2804,4
2805,3
2806,2
2807,3
2808,2
2809,4
2810,6
2811,5
2812,5
2813,2
2814,3
2815,3
2816,3
2817,1
2818,3
2819,4
2820,5
2821,4
2822,4
2823,2
2824,3
2825,4
2826,1
2827,2
2828,8
2829,4
2830,6
2831,3
2832,6
2833,7
2834,2
2835,2
2836,5
2837,6
2838,1
2839,2
2840,6
2841,1
2842,2
2843,2
2844,3
2845,3
2846,6
2847,2
2848,3
2849,2
2850,2
2851,2
2852,3
2853,3
2854,3
2855,0
2856,7
2857,3
2858,3
2859,1
2860,4
2861,4
2862,2
2863,8
2864,2
2865,1
2866,3
2867,2
2868,2
2869,2
2870,3
2871,3
2872,4
2873,1
2874,2
2875,3
2876,5
2877,4
2878,0
2879,4
2880,6
2881,0
2882,1
2883,4
2884,2
2885,3
2886,3
2887,3
2888,1
2889,4
2890,3
2891,7
2892,4
2893,2
2894,6
2895,4
2896,4
2897,3
2898,4
2899,2
2900,5
2901,4
2902,6
2903,4
2904,2
2905,2
2906,1
2907,2
2908,4
2909,4
2910,2
2911,2
2912,1
2913,4
2914,0
2915,3
2916,2
2917,6
2918,4
2919,3
2920,5
2921,3
2922,5
2923,5
2924,7
2925,2
2926,5
2927,3
2928,3
2929,2
2930,1
2931,3
2932,2
2933,3
2934,3
2935,2
2936,6
2937,8
2938,5
2939,4
2940,5
2941,6
2942,0
2943,0
2944,5
2945,2
2946,1
2947,3
2948,2
2949,5
2950,3
2951,3
2952,3
2953,4
2954,1
2955,3
2956,4
2957,1
2958,1
2959,4
2960,1
2961,2
2962,4
2963,4
2964,3
2965,8
2966,1
2967,0
2968,6
2969,2
2970,5
2971,0
2972,9
2973,3
2974,3
2975,1
2976,5
2977,3
2978,2
2979,3
2980,2
2981,2
2982,6
2983,1
2984,0
2985,1
2986,4
2987,3
2988,1
2989,1
2990,5
2991,3
2992,1
2993,4
2994,7
2995,5
2996,2
2997,0
2998,6
2999,2
3000,2
3001,4
3002,1
3003,1
3004,3
3005,3
3006,3
3007,3
3008,1
3009,5
3010,3
3011,2
3012,4
3013,3
3014,1
3015,6
3016,5
3017,5
3018,2
3019,2
3020,1
3021,3
3022,2
3023,1
3024,3
3025,3
3026,4
3027,5
3028,0
3029,2
3030,0
3031,2
3032,4
3033,2
3034,4
3035,1
3036,7
3037,2
3038,6
3039,2
3040,5
3041,4
3042,7
3043,2
3044,3
3045,6
3046,2
3047,2
3048,4
3049,1
3050,1
3051,2
3052,4
3053,3
3054,2
3055,0
3056,1
3057,3
3058,3
3059,1
3060,3
3061,3
3062,4
3063,5
3064,2
3065,3
3066,3
3067,2
3068,5
3069,4
3070,2
3071,3
3072,3
3073,3
3074,2
3075,2
3076,0
3077,0
3078,2
3079,2
3080,4
3081,5
3082,5
3083,2
3084,2
3085,1
3086,2
3087,2
3088,4
3089,3
3090,1
3091,3
3092,2
3093,3
3094,3
3095,3
3096,0
3097,3
3098,0
3099,3
3100,2
3101,1
3102,2
3103,4
3104,3
3105,2
3106,2
3107,1
3108,2
3109,2
3110,1
3111,0
3112,1
3113,2
3114,4
3115,2
3116,2
3117,3
3118,1
3119,2
3120,5
3121,5
3122,2
3123,5
3124,4
3125,2
3126,3
3127,6
3128,5
3129,5
3130,0
3131,3
3132,2
3133,2
3134,1
3135,3
3136,2
3137,2
3138,1
3139,5
3140,3
3141,1
3142,3
3143,3
3144,6
3145,3
3146,5
3147,3
3148,0
3149,1
3150,3
3151,1
3152,4
3153,1
3154,2
3155,3
3156,3
3157,3
3158,1
3159,2
3160,2
3161,5
3162,0
3163,3
3164,6
3165,2
3166,0
3167,3
3168,4
3169,1
3170,4
3171,4
3172,2
3173,6
3174,1
3175,3
3176,4
3177,3
3178,4
3179,1
3180,4
3181,2
3182,2
3183,2
3184,5
3185,2
3186,2
3187,3
3188,3
3189,1
3190,2
3191,2
3192,1
3193,1
3194,4
3195,0
3196,3
3197,2
3198,2
3199,5
3200,8
3201,3
3202,4
3203,2
3204,5
3205,5
3206,4
3207,2
3208,3
3209,0
3210,1
3211,4
3212,1
3213,5
3214,2
3215,4
3216,2
3217,1
3218,2
3219,3
3220,3
3221,2
3222,5
3223,0
3224,4
3225,2
3226,1
3227,2
3228,2
3229,5
3230,6
3231,5
3232,2
3233,6
3234,7
3235,2
3236,4
3237,3
3238,3
3239,5
3240,2
3241,4
3242,5
3243,7
3244,7
3245,2
3246,3
3247,4
3248,2
3249,5
3250,3
3251,5
3252,2
3253,1
3254,7
3255,1
3256,2
3257,3
3258,0
3259,3
3260,3
3261,6
3262,3
3263,2
3264,2
3265,3
3266,1
3267,3
3268,6
3269,2
3270,4
3271,7
3272,0
3273,4
3274,2
3275,5
3276,2
3277,3
3278,3
3279,3
3280,3
3281,2
3282,10
3283,1
3284,2
3285,2
3286,2
3287,2
3288,2
3289,2
3290,2
3291,2
3292,0
3293,2
3294,6
3295,1
3296,5
3297,5
3298,4
3299,1
3300,3
3301,3
3302,1
3303,1
3304,0
3305,5
3306,1
3307,5
3308,3
3309,3
3310,5
3311,2
3312,4
3313,1
3314,4
3315,2
3316,1
3317,7
3318,2
3319,3
3320,6
3321,1
3322,1
3323,2
3324,2
3325,2
3326,3
3327,2
3328,4
3329,6
3330,2
3331,1
3332,1
3333,3
3334,2
3335,4
3336,1
3337,3
3338,1
3339,4
3340,6
3341,0
3342,3
3343,3
3344,1
3345,4
3346,2
3347,4
3348,0
3349,1
3350,0
3351,3
3352,0
3353,1
3354,1
3355,1
3356,2
3357,4
3358,4
3359,2
3360,2
3361,5
3362,3
3363,3
3364,1
3365,0
3366,1
3367,1
3368,2
3369,3
3370,1
3371,2
3372,3
3373,2
3374,0
3375,1
3376,4
3377,0
3378,1
3379,1
3380,1
3381,3
3382,0
3383,0
3384,1
3385,1
3386,0
3387,3
3388,2
3389,1
3390,2
3391,2
3392,2
3393,1
3394,0
3395,1
3396,3
3397,0
3398,1
3399,5
3400,0
3401,0
3402,2
3403,4
3404,1
3405,1
3406,4
3407,1
3408,2
3409,2
3410,1
3411,2
3412,2
3413,0
3414,1
3415,1
3416,1
3417,0
3418,2
3419,4
3420,3
3421,2
3422,1
3423,0
3424,0
3425,1
3426,3
3427,4
3428,1
3429,0
3430,0
3431,1
3432,2
3433,1
3434,1
3435,2
3436,0
3437,1
3438,0
3439,1
3440,1
3441,4
3442,1
3443,2
3444,1
3445,3
3446,3
3447,4
3448,2
3449,2
3450,1
3451,2
3452,1
3453,4
3454,4
3455,3
3456,2
3457,0
3458,6
3459,0
3460,1
3461,0
3462,1
3463,1
3464,3
3465,5
3466,2
3467,1
3468,1
3469,2
3470,3
3471,2
3472,2
3473,2
3474,3
3475,1
3476,2
3477,0
3478,2
3479,1
3480,0
3481,1
3482,1
3483,2
3484,0
3485,7
3486,1
3487,0
3488,1
3489,3
3490,0
3491,1
3492,2
3493,2
3494,2
3495,3
3496,1
3497,3
3498,2
3499,1
3500,1
3501,2
3502,4
3503,3
3504,2
3505,4
3506,1
3507,4
3508,1
3509,2
3510,2
3511,3
3512,1
3513,1
3514,5
3515,0
3516,2
3517,1
3518,2
3519,2
3520,3
3521,2
3522,1
3523,5
3524,2
3525,3
3526,1
3527,0
3528,1
3529,0
3530,3
3531,0
3532,2
3533,2
3534,3
3535,4
3536,0
3537,3
3538,1
3539,0
3540,2
3541,4
3542,2
3543,1
3544,1
3545,1
3546,3
3547,1
3548,2
3549,5
3550,1
3551,1
3552,0
3553,1
3554,4
3555,0
3556,1
3557,1
3558,1
3559,1
3560,2
3561,3
3562,3
3563,1
3564,2
3565,3
3566,1
3567,0
3568,1
3569,1
3570,3
3571,1
3572,2
3573,0
3574,1
3575,0
3576,2
3577,1
3578,2
3579,3
3580,0
3581,2
3582,4
3583,2
3584,1
3585,0
3586,2
3587,2
3588,3
3589,2
3590,8
3591,2
3592,2
3593,2
3594,2
3595,0
3596,1
3597,3
3598,0
3599,3
3600,1
3601,3
3602,2
3603,0
3604,0
3605,0
3606,1
3607,1
3608,2
3609,2
3610,0
3611,2
3612,0
3613,0
3614,3
3615,0
3616,3
3617,1
3618,0
3619,0
3620,1
3621,3
3622,0
3623,0
3624,2
3625,0
3626,2
3627,1
3628,0
3629,3
3630,1
3631,3
3632,1
3633,0
3634,3
3635,1
3636,1
3637,1
3638,1
3639,3
3640,1
3641,1
3642,1
3643,3
3644,3
3645,4
3646,0
3647,1
3648,0
3649,0
3650,1
3651,1
3652,2
3653,1
3654,3
3655,0
3656,5
3657,1
3658,1
3659,1
3660,3
3661,0
3662,1
3663,1
3664,2
3665,1
3666,2
3667,1
3668,1
3669,3
3670,1
3671,2
3672,2
3673,3
3674,1
3675,1
3676,1
3677,0
3678,2
3679,1
3680,1
3681,0
3682,1
3683,5
3684,0
3685,4
3686,0
3687,2
3688,1
3689,1
3690,0
3691,2
3692,0
3693,0
3694,3
3695,0
3696,1
3697,3
3698,1
3699,0
3700,2
3701,2
3702,2
3703,4
3704,3
3705,1
3706,5
3707,2
3708,3
3709,10
3710,9
3711,13
3712,9
3713,9
3714,10
3715,7
3716,9
3717,8
3718,7
3719,4
3720,2
3721,3
3722,5
3723,5
3724,3
3725,4
3726,2
3727,3
3728,2
3729,2
3730,0
3731,0
3732,0
3733,3
3734,0
3735,3
3736,1
3737,2
3738,2
3739,0
3740,2
3741,2
3742,3
3743,0
3744,3
3745,2
3746,1
3747,1
3748,2
3749,1
3750,2
3751,1
3752,1
3753,3
3754,1
3755,2
3756,3
3757,2
3758,1
3759,2
3760,4
3761,0
3762,0
3763,2
3764,0
3765,0
3766,2
3767,0
3768,0
3769,1
3770,0
3771,1
3772,0
3773,3
3774,0
3775,4
3776,1
3777,0
3778,4
3779,2
3780,1
3781,0
3782,1
3783,2
3784,3
3785,1
3786,2
3787,1
3788,2
3789,3
3790,2
3791,3
3792,3
3793,1
3794,2
3795,2
3796,2
3797,1
3798,0
3799,0
3800,2
3801,0
3802,0
3803,3
3804,4
3805,1
3806,2
3807,0
3808,4
3809,1
3810,1
3811,3
3812,1
3813,3
3814,3
3815,0
3816,1
3817,2
3818,1
3819,2
3820,2
3821,3
3822,4
3823,1
3824,1
3825,1
3826,2
3827,1
3828,1
3829,3
3830,1
3831,1
3832,3
3833,1
3834,2
3835,0
3836,1
3837,0
3838,0
3839,1
3840,1
3841,1
3842,0
3843,1
3844,1
3845,1
3846,2
3847,1
3848,3
3849,0
3850,2
3851,3
3852,2
3853,1
3854,3
3855,3
3856,2
3857,1
3858,0
3859,1
3860,3
3861,0
3862,1
3863,1
3864,0
3865,2
3866,2
3867,1
3868,1
3869,1
3870,0
3871,1
3872,2
3873,1
3874,1
3875,1
3876,0
3877,0
3878,2
3879,1
3880,1
3881,1
3882,2
3883,2
3884,1
3885,4
3886,0
3887,1
3888,2
3889,1
3890,2
3891,2
3892,1
3893,3
3894,1
3895,0
3896,0
3897,0
3898,2
3899,4
3900,1
3901,3
3902,4
3903,3
3904,2
3905,1
3906,1
3907,2
3908,2
3909,1
3910,3
3911,1
3912,1
3913,0
3914,2
3915,0
3916,1
3917,1
3918,1
3919,2
3920,1
3921,0
3922,3
3923,1
3924,1
3925,0
3926,1
3927,1
3928,1
3929,0
3930,0
3931,5
3932,1
3933,0
3934,2
3935,0
3936,0
3937,0
3938,0
3939,1
3940,3
3941,2
3942,3
3943,0
3944,0
3945,1
3946,1
3947,2
3948,0
3949,1
3950,4
3951,0
3952,0
3953,1
3954,4
3955,0
3956,0
3957,0
3958,2
3959,3
3960,0
3961,1
3962,0
3963,1
3964,1
3965,0
3966,0
3967,1
3968,1
3969,1
3970,2
3971,4
3972,0
3973,1
3974,1
3975,1
3976,1
3977,0
3978,1
3979,1
3980,1
3981,2
3982,1
3983,0
3984,3
3985,0
3986,1
3987,3
3988,0
3989,0
3990,1
3991,0
3992,2
3993,0
3994,0
3995,1
3996,3
3997,1
3998,1
3999,1
4000,1
4001,1
4002,3
4003,3
4004,0
4005,0
4006,2
4007,1
4008,1
4009,2
4010,2
4011,2
4012,1
4013,2
4014,2
4015,0
4016,1
4017,3
4018,3
4019,0
4020,3
4021,0
4022,1
4023,3
4024,0
4025,0
4026,1
4027,1
4028,3
4029,1
4030,1
4031,4
4032,2
4033,0
4034,0
4035,3
4036,0
4037,3
4038,2
4039,3
4040,1
4041,0
4042,0
4043,3
4044,1
4045,2
4046,1
4047,2
4048,2
4049,2
4050,2
4051,2
4052,1
4053,2
4054,1
4055,0
4056,1
4057,2
4058,0
4059,2
4060,1
4061,4
4062,2
4063,3
4064,1
4065,3
4066,1
4067,1
4068,2
4069,1
4070,1
4071,0
4072,2
4073,0
4074,2
4075,0
4076,2
4077,1
4078,2
4079,2
4080,0
4081,1
4082,1
4083,2
4084,1
4085,2
4086,2
4087,1
4088,0
4089,0
4090,0
4091,1
4092,1
4093,0
4094,2
4095,2
4096,1
4097,0
4098,0
4099,2
4100,0
4101,1
4102,2
4103,0
4104,0
4105,2
4106,1
4107,3
4108,2
4109,0
4110,3
4111,1
4112,1
4113,3
4114,2
4115,1
4116,0
4117,0
4118,0
4119,1
4120,1
4121,1
4122,3
4123,0
4124,1
4125,3
4126,2
4127,3
4128,1
4129,1
4130,1
4131,1
4132,0
4133,1
4134,1
4135,0
4136,0
4137,1
4138,1
4139,1
4140,0
4141,5
4142,2
4143,2
4144,2
4145,2
4146,1
4147,2
4148,1
4149,1
4150,1
4151,0
4152,1
4153,4
4154,0
4155,0
4156,1
4157,1
4158,6
4159,0
4160,1
4161,1
4162,0
4163,0
4164,2
4165,1
4166,0
4167,1
4168,1
4169,1
4170,1
4171,2
4172,2
4173,0
4174,2
4175,1
4176,3
4177,1
4178,1
4179,0
4180,1
4181,2
4182,0
4183,2
4184,0
4185,2
4186,2
4187,3
4188,1
4189,0
4190,0
4191,1
4192,4
4193,1
4194,2
4195,2
4196,2
4197,0
4198,0
4199,0
4200,0
4201,0
4202,0
4203,2
4204,3
4205,0
4206,2
4207,3
4208,5
4209,3
4210,0
4211,1
4212,1
4213,0
4214,1
4215,0
4216,0
4217,2
4218,1
4219,2
4220,2
4221,3
4222,0
4223,3
4224,3
4225,1
4226,0
4227,2
4228,0
4229,2
4230,2
4231,1
4232,1
4233,0
4234,1
4235,1
4236,1
4237,1
4238,2
4239,3
4240,3
4241,0
4242,0
4243,1
4244,0
4245,2
4246,2
4247,2
4248,2
4249,1
4250,1
4251,0
4252,3
4253,2
4254,2
4255,1
4256,0
4257,2
4258,2
4259,1
4260,5
4261,0
4262,1
4263,4
4264,0
4265,1
4266,1
4267,1
4268,1
4269,0
4270,2
4271,1
4272,1
4273,2
4274,0
4275,1
4276,0
4277,0
4278,0
4279,2
4280,2
4281,0
4282,0
4283,0
4284,1
4285,4
4286,1
4287,1
4288,0
4289,2
4290,0
4291,2
4292,4
4293,1
4294,1
4295,2
4296,2
4297,3
4298,0
4299,0
4300,1
4301,3
4302,1
4303,1
4304,1
4305,1
4306,2
4307,1
4308,0
4309,1
4310,1
4311,0
4312,1
4313,0
4314,0
4315,2
4316,2
4317,2
4318,0
4319,1
4320,1
4321,0
4322,0
4323,0
4324,3
4325,2
4326,3
4327,0
4328,3
4329,1
4330,1
4331,3
4332,1
4333,3
4334,0
4335,0
4336,0
4337,0
4338,1
4339,1
4340,1
4341,1
4342,0
4343,2
4344,2
4345,2
4346,0
4347,0
4348,0
4349,0
4350,0
4351,1
4352,2
4353,0
4354,1
4355,1
4356,2
4357,4
4358,0
4359,2
4360,0
4361,1
4362,1
4363,0
4364,2
4365,2
4366,0
4367,0
4368,1
4369,1
4370,0
4371,2
4372,0
4373,1
4374,0
4375,1
4376,0
4377,1
4378,3
4379,2
4380,1
4381,0
4382,3
4383,1
4384,2
4385,0
4386,2
4387,1
4388,1
4389,0
4390,1
4391,2
4392,1
4393,1
4394,1
4395,1
4396,1
4397,1
4398,1
4399,2
4400,0
4401,1
4402,1
4403,2
4404,0
4405,2
4406,1
4407,2
4408,0
4409,0
4410,3
4411,0
4412,2
4413,1
4414,2
4415,1
4416,1
4417,0
4418,1
4419,1
4420,3
4421,0
4422,0
4423,0
4424,1
4425,5
4426,3
4427,1
4428,2
4429,2
4430,2
4431,1
4432,1
4433,0
4434,2
4435,1
4436,0
4437,0
4438,2
4439,2
4440,0
4441,3
4442,0
4443,1
4444,3
4445,2
4446,2
4447,1
4448,1
4449,0
4450,2
4451,0
4452,1
4453,1
4454,2
4455,0
4456,0
4457,1
4458,0
4459,1
4460,1
4461,0
4462,1
4463,1
4464,1
4465,0
4466,0
4467,0
4468,1
4469,2
4470,0
4471,2
4472,2
4473,0
4474,1
4475,1
4476,4
4477,2
4478,0
4479,2
4480,0
4481,2
4482,0
4483,2
4484,0
4485,0
4486,1
4487,2
4488,0
4489,1
4490,0
4491,1
4492,1
4493,0
4494,1
4495,0
4496,1
4497,2
4498,0
4499,1
4500,1
4501,3
4502,1
4503,2
4504,2
4505,1
4506,1
4507,3
4508,1
4509,1
4510,0
4511,0
4512,2
4513,1
4514,1
4515,2
4516,2
4517,3
4518,0
4519,1
4520,2
4521,2
4522,1
4523,0
4524,2
4525,1
4526,0
4527,2
4528,0
4529,1
4530,0
4531,2
4532,0
4533,0
4534,1
4535,1
4536,0
4537,2
4538,1
4539,2
4540,0
4541,0
4542,1
4543,1
4544,2
4545,0
4546,2
4547,1
4548,1
4549,0
4550,2
4551,2
4552,0
4553,0
4554,2
4555,0
4556,0
4557,2
4558,1
4559,0
4560,0
4561,0
4562,0
4563,0
4564,1
4565,0
4566,0
4567,1
4568,1
4569,0
4570,1
4571,1
4572,3
4573,0
4574,1
4575,2
4576,2
4577,0
4578,4
4579,2
4580,4
4581,4
4582,3
4583,0
4584,2
4585,0
4586,0
4587,1
4588,4
4589,0
4590,1
4591,1
4592,0
4593,1
4594,1
4595,0
4596,2
4597,2
4598,0
4599,1
4600,0
4601,1
4602,1
4603,1
4604,1
4605,2
4606,0
4607,1
4608,3
4609,1
4610,2
4611,0
4612,2
4613,0
4614,0
4615,1
4616,2
4617,1
4618,2
4619,2
4620,1
4621,4
4622,0
4623,2
4624,2
4625,2
4626,4
4627,3
4628,1
4629,0
4630,0
4631,0
4632,2
4633,1
4634,1
4635,2
4636,1
4637,1
4638,0
4639,3
4640,1
4641,2
4642,1
4643,2
4644,3
4645,1
4646,0
4647,2
4648,4
4649,4
4650,1
4651,0
4652,0
4653,0
4654,1
4655,1
4656,0
4657,2
4658,2
4659,1
4660,1
4661,2
4662,2
4663,0
4664,0
4665,0
4666,2
4667,1
4668,1
4669,1
4670,1
4671,4
4672,1
4673,1
4674,0
4675,2
4676,0
4677,1
4678,3
4679,2
4680,2
4681,1
4682,2
4683,2
4684,0
4685,1
4686,1
4687,0
4688,1
4689,0
4690,2
4691,2
4692,2
4693,0
4694,0
4695,0
4696,1
4697,2
4698,2
4699,1
4700,1
4701,1
4702,4
4703,2
4704,2
4705,1
4706,4
4707,1
4708,2
4709,2
4710,2
4711,1
4712,3
4713,0
4714,2
4715,1
4716,3
4717,2
4718,2
4719,0
4720,1
4721,3
4722,1
4723,0
4724,0
4725,2
4726,1
4727,0
4728,2
4729,2
4730,0
4731,2
4732,1
4733,4
4734,2
4735,1
4736,2
4737,1
4738,2
4739,2
4740,2
4741,0
4742,1
4743,1
4744,2
4745,2
4746,1
4747,0
4748,2
4749,4
4750,3
4751,1
4752,2
4753,1
4754,0
4755,2
4756,1
4757,1
4758,3
4759,4
4760,3
4761,0
4762,2
4763,1
4764,2
4765,1
4766,1
4767,2
4768,1
4769,3
4770,0
4771,2
4772,0
4773,1
4774,0
4775,0
4776,0
4777,0
4778,3
4779,0
4780,1
4781,0
4782,2
4783,0
4784,2
4785,0
4786,1
4787,1
4788,2
4789,0
4790,1
4791,1
4792,0
4793,3
4794,1
4795,0
4796,1
4797,0
4798,2
4799,0
4800,1
4801,0
4802,0
4803,0
4804,0
4805,1
4806,1
4807,1
4808,0
4809,1
4810,0
4811,1
4812,2
4813,1
4814,2
4815,0
4816,1
4817,1
4818,2
4819,2
4820,2
4821,2
4822,0
4823,0
4824,0
4825,1
4826,1
4827,0
4828,0
4829,0
4830,0
4831,4
4832,0
4833,2
4834,0
4835,1
4836,1
4837,1
4838,0
4839,1
4840,0
4841,1
4842,1
4843,2
4844,1
4845,0
4846,0
4847,0
4848,2
4849,2
4850,0
4851,1
4852,0
4853,0
4854,1
4855,2
4856,0
4857,0
4858,0
4859,1
4860,2
4861,1
4862,1
4863,1
4864,0
4865,1
4866,1
4867,1
4868,1
4869,1
4870,1
4871,0
4872,1
4873,0
4874,4
4875,2
4876,1
4877,1
4878,0
4879,0
4880,0
4881,0
4882,0
4883,1
4884,0
4885,0
4886,1
4887,0
4888,1
4889,0
4890,1
4891,0
4892,0
4893,1
4894,0
4895,1
4896,0
4897,0
4898,1
4899,0
4900,0
4901,0
4902,0
4903,0
4904,0
4905,0
4906,0
4907,0
4908,0
4909,2
4910,1
4911,1
4912,0
4913,0
4914,0
4915,1
4916,0
4917,1
4918,1
4919,1
4920,1
4921,0
4922,0
4923,1
4924,1
4925,1
4926,0
4927,2
4928,0
4929,1
4930,1
4931,1
4932,1
4933,1
4934,0
4935,0
4936,1
4937,1
4938,0
4939,1
4940,1
4941,3
4942,0
4943,0
4944,0
4945,0
4946,2
4947,0
4948,0
4949,1
4950,1
4951,0
4952,0
4953,1
4954,2
4955,1
4956,0
4957,1
4958,1
4959,1
4960,0
4961,0
4962,0
4963,0
4964,0
4965,0
4966,0
4967,1
4968,0
4969,1
4970,0
4971,0
4972,0
4973,0
4974,0
4975,1
4976,0
4977,2
4978,0
4979,1
4980,0
4981,0
4982,0
4983,0
4984,0
4985,0
4986,0
4987,2
4988,0
4989,0
4990,0
4991,0
4992,0
4993,0
4994,0
4995,0
4996,0
4997,1
4998,0
4999,1
5000,0
5001,0
5002,0
5003,0
5004,0
5005,2
5006,1
5007,0
5008,0
5009,0
5010,1
5011,0
5012,1
5013,0
5014,1
5015,0
5016,0
5017,0
5018,0
5019,0
5020,1
5021,1
5022,0
5023,0
5024,1
5025,0
5026,0
5027,0
5028,0
5029,1
5030,1
5031,0
5032,0
5033,0
5034,0
5035,0
5036,0
5037,0
5038,1
5039,1
5040,0
5041,0
5042,0
5043,0
5044,0
5045,1
5046,0
5047,1
5048,0
5049,0
5050,0
5051,0
5052,0
5053,0
5054,1
5055,0
5056,0
5057,1
5058,0
5059,2
5060,0
5061,2
5062,0
5063,0
5064,0
5065,0
5066,0
5067,1
5068,1
5069,0
5070,1
5071,0
5072,0
5073,0
5074,1
5075,0
5076,1
5077,0
5078,0
5079,0
5080,0
5081,0
5082,1
5083,1
5084,0
5085,1
5086,0
5087,1
5088,0
5089,0
5090,0
5091,1
5092,0
5093,0
5094,0
5095,1
5096,0
5097,0
5098,0
5099,1
5100,0
5101,0
5102,0
5103,0
5104,0
5105,0
5106,1
5107,0
5108,1
5109,0
5110,0
5111,0
5112,1
5113,0
5114,0
5115,0
5116,0
5117,1
5118,0
5119,0
5120,0
5121,1
5122,2
5123,0
5124,0
5125,0
5126,0
5127,0
5128,0
5129,0
5130,0
5131,0
5132,0
5133,0
5134,0
5135,0
5136,0
5137,0
5138,1
5139,0
5140,0
5141,0
5142,0
5143,0
5144,0
5145,0
5146,0
5147,1
5148,1
5149,0
5150,0
5151,0
5152,0
5153,0
5154,0
5155,0
5156,1
5157,0
5158,0
5159,0
5160,0
5161,0
5162,0
5163,1
5164,0
5165,1
5166,0
5167,0
5168,1
5169,1
5170,0
5171,0
5172,0
5173,0
5174,0
5175,0
5176,1
5177,0
5178,0
5179,0
5180,0
5181,0
5182,0
5183,0
5184,0
5185,1
5186,0
5187,0
5188,0
5189,0
5190,0
5191,0
5192,0
5193,0
5194,2
5195,2
5196,0
5197,1
5198,2
5199,2
5200,5
5201,8
5202,5
5203,16
5204,10
5205,14
5206,12
5207,18
5208,19
5209,12
5210,13
5211,4
5212,6
5213,3
5214,6
5215,3
5216,5
5217,2
5218,0
5219,0
5220,0
5221,2
5222,0
5223,0
5224,0
5225,0
5226,0
5227,0
5228,0
5229,0
5230,0
5231,0
5232,0
5233,0
5234,0
5235,0
5236,0
5237,1
5238,0
5239,0
5240,1
5241,0
5242,0
5243,0
5244,0
5245,0
5246,0
5247,0
5248,0
5249,0
5250,0
5251,0
5252,0
5253,0
5254,0
5255,0
5256,0
5257,0
5258,0
5259,0
5260,0
5261,0
5262,0
5263,0
5264,0
5265,0
5266,0
5267,1
5268,0
5269,0
5270,0
5271,1
5272,0
5273,0
5274,0
5275,0
5276,0
5277,0
5278,0
5279,0
5280,0
5281,0
5282,0
5283,1
5284,1
5285,0
5286,0
5287,0
5288,0
5289,0
5290,0
5291,0
5292,0
5293,0
5294,0
5295,1
5296,1
5297,0
5298,1
5299,0
5300,0
5301,0
5302,0
5303,0
5304,0
5305,0
5306,0
5307,0
5308,0
5309,0
5310,0
5311,0
5312,0
5313,0
5314,0
5315,0
5316,0
5317,0
5318,0
5319,0
5320,0
5321,0
5322,0
5323,0
5324,0
5325,0
5326,0
5327,0
5328,0
5329,0
5330,0
5331,1
5332,0
5333,1
5334,0
5335,0
5336,0
5337,0
5338,0
5339,1
5340,0
5341,0
5342,0
5343,0
5344,0
5345,0
5346,0
5347,0
5348,0
5349,0
5350,2
5351,0
5352,0
5353,0
5354,0
5355,0
5356,1
5357,0
5358,0
5359,0
5360,1
5361,0
5362,0
5363,0
5364,0
5365,0
5366,0
5367,1
5368,0
5369,0
5370,0
5371,0
5372,0
5373,0
5374,0
5375,0
5376,0
5377,0
5378,0
5379,0
5380,0
5381,0
5382,0
5383,0
5384,0
5385,0
5386,0
5387,0
5388,0
5389,0
5390,0
5391,0
5392,0
5393,0
5394,0
5395,0
5396,0
5397,1
5398,0
5399,0
5400,1
5401,0
5402,0
5403,0
5404,1
5405,1
5406,0
5407,0
5408,0
5409,0
5410,0
5411,0
5412,0
5413,0
5414,0
5415,0
5416,0
5417,1
5418,2
5419,0
5420,0
5421,0
5422,0
5423,0
5424,0
5425,0
5426,0
5427,0
5428,0
5429,0
5430,1
5431,1
5432,2
5433,0
5434,0
5435,0
5436,1
5437,0
5438,0
5439,1
5440,0
5441,0
5442,0
5443,0
5444,0
5445,0
5446,0
5447,0
5448,0
5449,0
5450,0
5451,0
5452,0
5453,0
5454,0
5455,0
5456,0
5457,0
5458,0
5459,0
5460,0
5461,0
5462,0
5463,0
5464,0
5465,0
5466,0
5467,0
5468,0
5469,0
5470,1
5471,0
5472,0
5473,0
5474,0
5475,0
5476,0
5477,0
5478,1
5479,0
5480,0
5481,0
5482,0
5483,0
5484,0
5485,0
5486,0
5487,0
5488,0
5489,0
5490,0
5491,0
5492,0
5493,0
5494,0
5495,0
5496,0
5497,0
5498,0
5499,0
5500,0
5501,0
5502,0
5503,0
5504,0
5505,0
5506,0
5507,0
5508,0
5509,0
5510,0
5511,0
5512,0
5513,0
5514,0
5515,0
5516,1
5517,0
5518,0
5519,0
5520,0
5521,0
5522,0
5523,0
5524,0
5525,0
5526,1
5527,1
5528,0
5529,0
5530,0
5531,0
5532,0
5533,1
5534,1
5535,0
5536,0
5537,0
5538,0
5539,0
5540,1
5541,0
5542,0
5543,0
5544,0
5545,0
5546,0
5547,0
5548,0
5549,0
5550,0
5551,0
5552,0
5553,0
5554,0
5555,0
5556,0
5557,1
5558,0
5559,1
5560,0
5561,0
5562,0
5563,0
5564,0
5565,0
5566,0
5567,0
5568,0
5569,0
5570,0
5571,0
5572,0
5573,0
5574,0
5575,0
5576,0
5577,0
5578,0
5579,0
5580,0
5581,0
5582,0
5583,0
5584,0
5585,0
5586,0
5587,0
5588,0
5589,0
5590,0
5591,0
5592,0
5593,0
5594,0
5595,0
5596,0
5597,0
5598,0
5599,0
5600,0
5601,1
5602,0
5603,0
5604,0
5605,0
5606,0
5607,0
5608,0
5609,0
5610,0
5611,1
5612,0
5613,0
5614,0
5615,0
5616,0
5617,0
5618,0
5619,0
5620,0
5621,0
5622,0
5623,0
5624,0
5625,0
5626,0
5627,0
5628,0
5629,0
5630,1
5631,0
5632,0
5633,0
5634,0
5635,0
5636,0
5637,0
5638,0
5639,0
5640,1
5641,0
5642,0
5643,0
5644,0
5645,0
5646,0
5647,0
5648,0
5649,0
5650,1
5651,0
5652,0
5653,0
5654,0
5655,0
5656,0
5657,0
5658,0
5659,0
5660,0
5661,0
5662,0
5663,0
5664,0
5665,0
5666,0
5667,0
5668,0
5669,0
5670,0
5671,0
5672,0
5673,0
5674,0
5675,0
5676,2
5677,0
5678,1
5679,0
5680,0
5681,0
5682,0
5683,0
5684,0
5685,0
5686,0
5687,0
5688,0
5689,0
5690,0
5691,1
5692,0
5693,1
5694,0
5695,1
5696,0
5697,0
5698,0
5699,0
5700,0
5701,0
5702,0
5703,0
5704,0
5705,0
5706,0
5707,0
5708,0
5709,1
5710,0
5711,1
5712,0
5713,0
5714,0
5715,0
5716,0
5717,0
5718,0
5719,0
5720,0
5721,0
5722,0
5723,0
5724,0
5725,0
5726,0
5727,0
5728,0
5729,0
5730,0
5731,0
5732,0
5733,0
5734,0
5735,0
5736,0
5737,0
5738,0
5739,0
5740,0
5741,0
5742,0
5743,0
5744,0
5745,0
5746,0
5747,0
5748,0
5749,0
5750,0
5751,0
5752,0
5753,0
5754,0
5755,0
5756,0
5757,0
5758,0
5759,0
5760,0
5761,0
5762,0
5763,0
5764,0
5765,0
5766,0
5767,0
5768,1
5769,0
5770,1
5771,0
5772,0
5773,0
5774,0
5775,1
5776,0
5777,0
5778,0
5779,0
5780,0
5781,1
5782,1
5783,0
5784,0
5785,0
5786,0
5787,0
5788,0
5789,0
5790,0
5791,2
5792,0
5793,0
5794,0
5795,0
5796,0
5797,0
5798,0
5799,0
5800,0
5801,0
5802,0
5803,0
5804,1
5805,1
5806,0
5807,0
5808,0
5809,0
5810,0
5811,0
5812,0
5813,0
5814,1
5815,0
5816,0
5817,0
5818,0
5819,0
5820,0
5821,0
5822,0
5823,0
5824,0
5825,0
5826,0
5827,0
5828,0
5829,0
5830,0
5831,0
5832,0
5833,0
5834,0
5835,0
5836,0
5837,0
5838,0
5839,0
5840,0
5841,0
5842,0
5843,0
5844,0
5845,0
5846,0
5847,0
5848,0
5849,0
5850,0
5851,0
5852,0
5853,0
5854,0
5855,0
5856,0
5857,0
5858,0
5859,0
5860,1
5861,0
5862,0
5863,0
5864,1
5865,0
5866,0
5867,0
5868,0
5869,0
5870,0
5871,0
5872,0
5873,1
5874,0
5875,0
5876,0
5877,0
5878,0
5879,1
5880,0
5881,0
5882,0
5883,0
5884,0
5885,0
5886,0
5887,1
5888,0
5889,0
5890,0
5891,0
5892,1
5893,0
5894,0
5895,0
5896,0
5897,0
5898,0
5899,0
5900,0
5901,0
5902,0
5903,0
5904,0
5905,0
5906,0
5907,1
5908,0
5909,0
5910,0
5911,0
5912,0
5913,1
5914,0
5915,0
5916,0
5917,0
5918,0
5919,0
5920,0
5921,0
5922,0
5923,0
5924,1
5925,0
5926,0
5927,0
5928,0
5929,0
5930,0
5931,0
5932,0
5933,0
5934,0
5935,0
5936,0
5937,0
5938,0
5939,0
5940,0
5941,0
5942,0
5943,0
5944,0
5945,0
5946,0
5947,1
5948,0
5949,0
5950,0
5951,0
5952,0
5953,0
5954,0
5955,0
5956,0
5957,0
5958,0
5959,0
5960,0
5961,0
5962,0
5963,0
5964,0
5965,1
5966,1
5967,0
5968,0
5969,0
5970,0
5971,0
5972,0
5973,0
5974,0
5975,1
5976,0
5977,1
5978,0
5979,0
5980,0
5981,0
5982,0
5983,0
5984,0
5985,0
5986,0
5987,0
5988,0
5989,0
5990,0
5991,0
5992,0
5993,0
5994,0
5995,0
5996,0
5997,0
5998,0
5999,0
6000,0
6001,0
6002,0
6003,0
6004,0
6005,0
6006,0
6007,0
6008,0
6009,0
6010,0
6011,0
6012,0
6013,0
6014,0
6015,0
6016,0
6017,0
6018,0
6019,0
6020,1
6021,0
6022,0
6023,0
6024,0
6025,0
6026,0
6027,1
6028,0
6029,0
6030,0
6031,0
6032,1
6033,0
6034,0
6035,0
6036,1
6037,1
6038,0
6039,0
6040,0
6041,0
6042,1
6043,0
6044,0
6045,0
6046,0
6047,0
6048,0
6049,0
6050,0
6051,0
6052,0
6053,0
6054,0
6055,0
6056,0
6057,1
6058,1
6059,0
6060,0
6061,0
6062,0
6063,0
6064,0
6065,0
6066,0
6067,0
6068,0
6069,0
6070,0
6071,0
6072,0
6073,1
6074,0
6075,0
6076,0
6077,0
6078,0
6079,0
6080,0
6081,0
6082,0
6083,0
6084,0
6085,0
6086,0
6087,0
6088,1
6089,0
6090,0
6091,0
6092,0
6093,0
6094,0
6095,0
6096,0
6097,0
6098,0
6099,0
6100,0
6101,0
6102,1
6103,0
6104,0
6105,0
6106,0
6107,0
6108,0
6109,0
6110,0
6111,0
6112,0
6113,0
6114,0
6115,0
6116,0
6117,0
6118,0
6119,0
6120,0
6121,0
6122,0
6123,0
6124,0
6125,0
6126,0
6127,0
6128,1
6129,0
6130,0
6131,0
6132,0
6133,0
6134,0
6135,0
6136,0
6137,0
6138,0
6139,0
6140,0
6141,0
6142,0
6143,0
6144,0
6145,0
6146,0
6147,0
6148,0
6149,0
6150,0
6151,0
6152,0
6153,0
6154,0
6155,0
6156,0
6157,0
6158,0
6159,0
6160,0
6161,0
6162,0
6163,0
6164,0
6165,0
6166,0
6167,0
6168,0
6169,0
6170,0
6171,0
6172,0
6173,0
6174,0
6175,0
6176,0
6177,0
6178,0
6179,0
6180,0
6181,0
6182,0
6183,0
6184,0
6185,0
6186,0
6187,0
6188,0
6189,0
6190,0
6191,0
6192,0
6193,1
6194,0
6195,0
6196,0
6197,0
6198,0
6199,0
6200,0
6201,0
6202,0
6203,0
6204,0
6205,0
6206,0
6207,0
6208,0
6209,0
6210,0
6211,0
6212,0
6213,0
6214,1
6215,0
6216,0
6217,0
6218,0
6219,0
6220,0
6221,0
6222,0
6223,0
6224,0
6225,0
6226,0
6227,0
6228,0
6229,0
6230,0
6231,0
6232,0
6233,0
6234,0
6235,0
6236,0
6237,0
6238,0
6239,0
6240,0
6241,0
6242,0
6243,0
6244,0
6245,0
6246,0
6247,0
6248,0
6249,0
6250,0
6251,0
6252,0
6253,0
6254,0
6255,0
6256,0
6257,0
6258,0
6259,0
6260,0
6261,0
6262,0
6263,0
6264,0
6265,0
6266,0
6267,0
6268,0
6269,0
6270,0
6271,0
6272,0
6273,0
6274,0
6275,0
6276,0
6277,0
6278,0
6279,0
6280,0
6281,0
6282,0
6283,0
6284,0
6285,0
6286,0
6287,0
6288,0
6289,0
6290,0
6291,0
6292,0
6293,0
6294,0
6295,0
6296,0
6297,0
6298,0
6299,0
6300,0
6301,0
6302,0
6303,0
6304,0
6305,0
6306,0
6307,0
6308,0
6309,0
6310,0
6311,1
6312,0
6313,0
6314,0
6315,0
6316,0
6317,0
6318,0
6319,0
6320,0
6321,0
6322,0
6323,0
6324,0
6325,1
6326,0
6327,0
6328,0
6329,0
6330,0
6331,0
6332,0
6333,0
6334,0
6335,0
6336,0
6337,0
6338,0
6339,0
6340,0
6341,0
6342,0
6343,0
6344,0
6345,0
6346,0
6347,0
6348,0
6349,0
6350,0
6351,0
6352,0
6353,0
6354,0
6355,0
6356,0
6357,0
6358,0
6359,0
6360,0
6361,0
6362,0
6363,0
6364,0
6365,0
6366,0
6367,0
6368,0
6369,0
6370,0
6371,0
6372,0
6373,0
6374,0
6375,0
6376,0
6377,0
6378,0
6379,0
6380,0
6381,0
6382,0
6383,0
6384,0
6385,0
6386,0
6387,0
6388,0
6389,0
6390,0
6391,0
6392,0
6393,0
6394,0
6395,0
6396,0
6397,0
6398,0
6399,0
6400,0
6401,0
6402,0
6403,0
6404,0
6405,0
6406,1
6407,0
6408,0
6409,0
6410,0
6411,0
6412,0
6413,0
6414,0
6415,1
6416,0
6417,0
6418,0
6419,0
6420,0
6421,0
6422,0
6423,0
6424,0
6425,0
6426,0
6427,0
6428,0
6429,0
6430,0
6431,0
6432,0
6433,0
6434,0
6435,0
6436,0
6437,0
6438,0
6439,0
6440,0
6441,0
6442,0
6443,0
6444,0
6445,0
6446,0
6447,0
6448,0
6449,0
6450,0
6451,0
6452,0
6453,0
6454,0
6455,0
6456,0
6457,0
6458,0
6459,0
6460,0
6461,0
6462,0
6463,0
6464,0
6465,0
6466,0
6467,0
6468,0
6469,0
6470,0
6471,0
6472,0
6473,0
6474,0
6475,0
6476,0
6477,0
6478,0
6479,0
6480,0
6481,0
6482,0
6483,0
6484,0
6485,0
6486,0
6487,0
6488,0
6489,0
6490,0
6491,0
6492,0
6493,0
6494,0
6495,0
6496,0
6497,0
6498,0
6499,0
6500,0
6501,0
6502,0
6503,0
6504,0
6505,0
6506,0
6507,0
6508,0
6509,0
6510,0
6511,0
6512,0
6513,0
6514,0
6515,0
6516,0
6517,0
6518,0
6519,0
6520,0
6521,0
6522,0
6523,0
6524,0
6525,0
6526,0
6527,0
6528,0
6529,0
6530,0
6531,0
6532,0
6533,0
6534,0
6535,0
6536,0
6537,0
6538,0
6539,0
6540,0
6541,0
6542,0
6543,0
6544,0
6545,0
6546,0
6547,0
6548,0
6549,0
6550,0
6551,0
6552,0
6553,0
6554,0
6555,0
6556,0
6557,0
6558,0
6559,0
6560,0
6561,0
6562,0
6563,0
6564,0
6565,0
6566,0
6567,0
6568,0
6569,0
6570,0
6571,0
6572,0
6573,0
6574,0
6575,0
6576,0
6577,0
6578,0
6579,0
6580,0
6581,0
6582,0
6583,0
6584,0
6585,0
6586,0
6587,0
6588,0
6589,0
6590,0
6591,0
6592,0
6593,0
6594,0
6595,0
6596,0
6597,0
6598,0
6599,0
6600,0
6601,0
6602,0
6603,0
6604,0
6605,0
6606,0
6607,0
6608,0
6609,0
6610,0
6611,0
6612,0
6613,0
6614,0
6615,0
6616,0
6617,0
6618,0
6619,0
6620,0
6621,0
6622,0
6623,0
6624,0
6625,0
6626,0
6627,0
6628,0
6629,0
6630,0
6631,0
6632,0
6633,0
6634,0
6635,0
6636,0
6637,0
6638,0
6639,0
6640,0
6641,0
6642,0
6643,0
6644,0
6645,0
6646,0
6647,0
6648,0
6649,0
6650,0
6651,0
6652,0
6653,0
6654,0
6655,0
6656,0
6657,0
6658,0
6659,0
6660,0
6661,0
6662,0
6663,0
6664,0
6665,0
6666,0
6667,0
6668,0
6669,0
6670,0
6671,0
6672,0
6673,0
6674,0
6675,0
6676,0
6677,0
6678,0
6679,0
6680,0
6681,0
6682,0
6683,0
6684,0
6685,0
6686,0
6687,0
6688,0
6689,0
6690,0
6691,0
6692,0
6693,0
6694,0
6695,0
6696,0
6697,0
6698,0
6699,0
6700,0
6701,0
6702,0
6703,0
6704,0
6705,0
6706,0
6707,0
6708,0
6709,0
6710,0
6711,0
6712,0
6713,0
6714,0
6715,0
6716,0
6717,0
6718,0
6719,0
6720,0
6721,0
6722,0
6723,0
6724,0
6725,0
6726,0
6727,0
6728,0
6729,0
6730,0
6731,0
6732,0
6733,0
6734,0
6735,0
6736,0
6737,0
6738,0
6739,0
6740,0
6741,0
6742,0
6743,0
6744,0
6745,0
6746,0
6747,0
6748,0
6749,0
6750,0
6751,0
6752,0
6753,0
6754,0
6755,0
6756,0
6757,0
6758,0
6759,0
6760,0
6761,0
6762,0
6763,0
6764,0
6765,0
6766,0
6767,0
6768,0
6769,0
6770,0
6771,0
6772,0
6773,0
6774,0
6775,0
6776,0
6777,0
6778,0
6779,0
6780,0
6781,0
6782,0
6783,0
6784,0
6785,0
6786,0
6787,0
6788,0
6789,0
6790,0
6791,0
6792,0
6793,0
6794,0
6795,0
6796,0
6797,0
6798,0
6799,0
6800,0
6801,0
6802,0
6803,0
6804,0
6805,0
6806,0
6807,0
6808,0
6809,0
6810,0
6811,0
6812,0
6813,0
6814,0
6815,0
6816,0
6817,0
6818,0
6819,0
6820,0
6821,0
6822,0
6823,0
6824,0
6825,0
6826,0
6827,0
6828,0
6829,0
6830,0
6831,0
6832,0
6833,0
6834,0
6835,0
6836,0
6837,0
6838,0
6839,0
6840,0
6841,0
6842,0
6843,0
6844,0
6845,0
6846,0
6847,0
6848,0
6849,0
6850,0
6851,0
6852,0
6853,0
6854,0
6855,0
6856,0
6857,0
6858,0
6859,0
6860,0
6861,0
6862,0
6863,0
6864,0
6865,0
6866,0
6867,0
6868,0
6869,0
6870,0
6871,0
6872,0
6873,0
6874,0
6875,0
6876,0
6877,0
6878,0
6879,0
6880,0
6881,0
6882,0
6883,0
6884,0
6885,0
6886,0
6887,0
6888,0
6889,0
6890,0
6891,0
6892,0
6893,0
6894,0
6895,0
6896,0
6897,0
6898,0
6899,0
6900,0
6901,0
6902,0
6903,0
6904,0
6905,0
6906,0
6907,0
6908,0
6909,0
6910,0
6911,0
6912,0
6913,0
6914,0
6915,0
6916,0
6917,0
6918,0
6919,0
6920,0
6921,0
6922,0
6923,0
6924,0
6925,0
6926,0
6927,0
6928,0
6929,0
6930,0
6931,0
6932,0
6933,0
6934,0
6935,0
6936,0
6937,0
6938,0
6939,0
6940,0
6941,0
6942,0
6943,0
6944,0
6945,0
6946,0
6947,0
6948,0
6949,0
6950,0
6951,0
6952,0
6953,0
6954,0
6955,0
6956,0
6957,0
6958,0
6959,0
6960,0
6961,0
6962,0
6963,0
6964,0
6965,0
6966,0
6967,0
6968,0
6969,0
6970,0
6971,0
6972,0
6973,0
6974,0
6975,0
6976,0
6977,0
6978,0
6979,0
6980,0
6981,0
6982,0
6983,0
6984,0
6985,0
6986,0
6987,0
6988,0
6989,0
6990,0
6991,0
6992,0
6993,0
6994,0
6995,0
6996,0
6997,0
6998,0
6999,0
7000,0
7001,0
7002,0
7003,0
7004,0
7005,0
7006,0
7007,0
7008,0
7009,0
7010,0
7011,0
7012,0
7013,0
7014,0
7015,0
7016,0
7017,0
7018,0
7019,0
7020,0
7021,0
7022,0
7023,0
7024,0
7025,0
7026,0
7027,0
7028,0
7029,0
7030,0
7031,0
7032,0
7033,0
7034,0
7035,0
7036,0
7037,0
7038,0
7039,0
7040,0
7041,0
7042,0
7043,0
7044,0
7045,0
7046,0
7047,0
7048,0
7049,0
7050,0
7051,0
7052,0
7053,0
7054,0
7055,0
7056,0
7057,0
7058,0
7059,0
7060,0
7061,0
7062,0
7063,0
7064,0
7065,0
7066,0
7067,0
7068,0
7069,0
7070,0
7071,0
7072,0
7073,0
7074,0
7075,0
7076,0
7077,0
7078,0
7079,0
7080,0
7081,0
7082,0
7083,0
7084,0
7085,0
7086,0
7087,0
7088,0
7089,0
7090,0
7091,0
7092,0
7093,0
7094,0
7095,0
7096,0
7097,0
7098,0
7099,0
7100,0
7101,0
7102,0
7103,0
7104,0
7105,0
7106,0
7107,0
7108,0
7109,0
7110,0
7111,0
7112,0
7113,0
7114,0
7115,0
7116,0
7117,0
7118,0
7119,0
7120,0
7121,0
7122,0
7123,0
7124,0
7125,0
7126,0
7127,0
7128,0
7129,0
7130,0
7131,0
7132,0
7133,0
7134,0
7135,0
7136,0
7137,0
7138,0
7139,0
7140,0
7141,0
7142,0
7143,0
7144,0
7145,0
7146,0
7147,0
7148,0
7149,0
7150,0
7151,0
7152,0
7153,0
7154,0
7155,0
7156,0
7157,0
7158,0
7159,0
7160,0
7161,0
7162,0
7163,0
7164,0
7165,0
7166,0
7167,0
7168,0
7169,0
7170,0
7171,0
7172,0
7173,0
7174,0
7175,0
7176,0
7177,0
7178,0
7179,0
7180,0
7181,0
7182,0
7183,0
7184,0
7185,0
7186,0
7187,0
7188,0
7189,0
7190,0
7191,0
7192,0
7193,0
7194,0
7195,0
7196,0
7197,0
7198,0
7199,0
7200,0
7201,0
7202,0
7203,0
7204,0
7205,0
7206,0
7207,0
7208,0
7209,0
7210,0
7211,0
7212,0
7213,0
7214,0
7215,0
7216,0
7217,0
7218,0
7219,0
7220,0
7221,0
7222,0
7223,0
7224,0
7225,0
7226,0
7227,0
7228,0
7229,0
7230,0
7231,0
7232,0
7233,0
7234,0
7235,0
7236,0
7237,0
7238,0
7239,0
7240,0
7241,0
7242,0
7243,0
7244,0
7245,0
7246,0
7247,0
7248,0
7249,0
7250,0
7251,0
7252,0
7253,0
7254,0
7255,0
7256,0
7257,0
7258,0
7259,0
7260,0
7261,0
7262,0
7263,0
7264,0
7265,0
7266,0
7267,0
7268,0
7269,0
7270,0
7271,0
7272,0
7273,0
7274,0
7275,0
7276,0
7277,0
7278,0
7279,0
7280,0
7281,0
7282,0
7283,0
7284,0
7285,0
7286,0
7287,0
7288,0
7289,0
7290,0
7291,0
7292,0
7293,0
7294,0
7295,1
7296,0
7297,0
7298,0
7299,0
7300,0
7301,0
7302,0
7303,0
7304,0
7305,0
7306,0
7307,0
7308,0
7309,0
7310,0
7311,0
7312,0
7313,0
7314,0
7315,0
7316,0
7317,0
7318,0
7319,0
7320,0
7321,0
7322,0
7323,0
7324,0
7325,0
7326,0
7327,0
7328,0
7329,0
7330,0
7331,0
7332,0
7333,0
7334,0
7335,0
7336,0
7337,0
7338,0
7339,0
7340,0
7341,0
7342,0
7343,0
7344,0
7345,0
7346,0
7347,0
7348,0
7349,0
7350,0
7351,0
7352,0
7353,0
7354,0
7355,0
7356,0
7357,0
7358,0
7359,0
7360,0
7361,0
7362,0
7363,0
7364,0
7365,0
7366,0
7367,0
7368,0
7369,0
7370,0
7371,0
7372,0
7373,0
7374,0
7375,0
7376,0
7377,0
7378,0
7379,0
7380,0
7381,0
7382,0
7383,0
7384,0
7385,0
7386,0
7387,0
7388,0
7389,0
7390,0
7391,0
7392,0
7393,0
7394,0
7395,0
7396,0
7397,0
7398,0
7399,0
7400,0
7401,0
7402,0
7403,0
7404,0
7405,0
7406,0
7407,0
7408,0
7409,0
7410,0
7411,0
7412,0
7413,0
7414,0
7415,0
7416,0
7417,0
7418,0
7419,0
7420,0
7421,0
7422,0
7423,0
7424,0
7425,0
7426,0
7427,0
7428,0
7429,0
7430,0
7431,0
7432,0
7433,0
7434,0
7435,0
7436,0
7437,0
7438,0
7439,0
7440,0
7441,0
7442,0
7443,0
7444,0
7445,0
7446,0
7447,0
7448,0
7449,0
7450,0
7451,0
7452,0
7453,0
7454,0
7455,0
7456,0
7457,0
7458,0
7459,0
7460,0
7461,0
7462,0
7463,0
7464,0
7465,0
7466,0
7467,0
7468,0
7469,0
7470,0
7471,0
7472,0
7473,0
7474,0
7475,0
7476,0
7477,0
7478,0
7479,0
7480,0
7481,0
7482,0
7483,0
7484,0
7485,0
7486,0
7487,0
7488,0
7489,0
7490,0
7491,0
7492,0
7493,0
7494,0
7495,0
7496,0
7497,0
7498,0
7499,0
7500,0
7501,0
7502,0
7503,0
7504,0
7505,0
7506,0
7507,0
7508,0
7509,0
7510,0
7511,0
7512,0
7513,0
7514,0
7515,0
7516,0
7517,0
7518,0
7519,0
7520,0
7521,0
7522,0
7523,0
7524,0
7525,0
7526,0
7527,0
7528,0
7529,0
7530,0
7531,0
7532,0
7533,0
7534,0
7535,0
7536,0
7537,0
7538,0
7539,0
7540,0
7541,0
7542,0
7543,0
7544,0
7545,0
7546,0
7547,0
7548,0
7549,0
7550,0
7551,0
7552,0
7553,0
7554,0
7555,0
7556,0
7557,0
7558,0
7559,0
7560,0
7561,0
7562,0
7563,0
7564,0
7565,0
7566,0
7567,0
7568,0
7569,0
7570,0
7571,0
7572,0
7573,0
7574,0
7575,0
7576,0
7577,0
7578,0
7579,0
7580,0
7581,0
7582,0
7583,0
7584,0
7585,0
7586,0
7587,0
7588,0
7589,0
7590,0
7591,0
7592,0
7593,0
7594,0
7595,0
7596,0
7597,0
7598,0
7599,0
7600,0
7601,0
7602,0
7603,0
7604,0
7605,0
7606,0
7607,0
7608,0
7609,0
7610,0
7611,0
7612,0
7613,0
7614,0
7615,0
7616,0
7617,0
7618,0
7619,0
7620,0
7621,0
7622,0
7623,0
7624,0
7625,0
7626,0
7627,0
7628,0
7629,0
7630,0
7631,0
7632,0
7633,0
7634,0
7635,0
7636,0
7637,0
7638,0
7639,0
7640,0
7641,0
7642,0
7643,0
7644,0
7645,0
7646,0
7647,0
7648,0
7649,0
7650,0
7651,0
7652,0
7653,0
7654,0
7655,0
7656,0
7657,0
7658,0
7659,0
7660,0
7661,0
7662,0
7663,0
7664,0
7665,0
7666,0
7667,0
7668,0
7669,0
7670,0
7671,0
7672,0
7673,0
7674,0
7675,0
7676,0
7677,0
7678,0
7679,0
7680,0
7681,0
7682,0
7683,0
7684,0
7685,0
7686,0
7687,0
7688,0
7689,0
7690,0
7691,0
7692,0
7693,0
7694,0
7695,0
7696,0
7697,0
7698,0
7699,0
7700,0
7701,0
7702,0
7703,0
7704,0
7705,0
7706,0
7707,0
7708,0
7709,0
7710,0
7711,0
7712,0
7713,0
7714,0
7715,0
7716,0
7717,0
7718,0
7719,0
7720,0
7721,0
7722,0
7723,0
7724,0
7725,0
7726,0
7727,0
7728,0
7729,0
7730,0
7731,0
7732,0
7733,0
7734,0
7735,0
7736,0
7737,0
7738,0
7739,0
7740,0
7741,0
7742,0
7743,0
7744,0
7745,0
7746,0
7747,0
7748,0
7749,0
7750,0
7751,0
7752,0
7753,0
7754,0
7755,0
7756,0
7757,0
7758,0
7759,0
7760,0
7761,0
7762,0
7763,0
7764,0
7765,0
7766,0
7767,0
7768,0
7769,0
7770,0
7771,0
7772,0
7773,0
7774,0
7775,0
7776,0
7777,0
7778,0
7779,0
7780,0
7781,0
7782,0
7783,0
7784,0
7785,0
7786,0
7787,0
7788,0
7789,0
7790,0
7791,0
7792,0
7793,0
7794,0
7795,0
7796,0
7797,0
7798,0
7799,0
7800,0
7801,0
7802,0
7803,0
7804,0
7805,0
7806,0
7807,0
7808,0
7809,0
7810,0
7811,0
7812,0
7813,0
7814,0
7815,0
7816,0
7817,0
7818,0
7819,0
7820,0
7821,0
7822,0
7823,0
7824,0
7825,0
7826,0
7827,0
7828,0
7829,0
7830,0
7831,0
7832,0
7833,0
7834,0
7835,0
7836,0
7837,0
7838,0
7839,0
7840,0
7841,0
7842,0
7843,0
7844,0
7845,0
7846,0
7847,0
7848,0
7849,0
7850,0
7851,0
7852,0
7853,0
7854,0
7855,0
7856,0
7857,0
7858,0
7859,0
7860,0
7861,0
7862,0
7863,0
7864,0
7865,0
7866,0
7867,0
7868,0
7869,0
7870,0
7871,0
7872,0
7873,0
7874,0
7875,0
7876,0
7877,0
7878,0
7879,0
7880,0
7881,0
7882,0
7883,0
7884,0
7885,0
7886,0
7887,0
7888,0
7889,0
7890,0
7891,0
7892,0
7893,0
7894,0
7895,0
7896,0
7897,0
7898,0
7899,0
7900,0
7901,0
7902,0
7903,0
7904,0
7905,0
7906,0
7907,0
7908,0
7909,0
7910,0
7911,0
7912,0
7913,0
7914,0
7915,0
7916,0
7917,0
7918,0
7919,0
7920,0
7921,0
7922,0
7923,0
7924,0
7925,0
7926,0
7927,0
7928,0
7929,0
7930,0
7931,0
7932,0
7933,0
7934,0
7935,0
7936,0
7937,0
7938,0
7939,0
7940,0
7941,0
7942,0
7943,0
7944,0
7945,0
7946,0
7947,0
7948,0
7949,0
7950,0
7951,0
7952,0
7953,0
7954,0
7955,0
7956,0
7957,0
7958,0
7959,0
7960,0
7961,0
7962,0
7963,0
7964,0
7965,0
7966,0
7967,0
7968,0
7969,0
7970,0
7971,0
7972,0
7973,0
7974,0
7975,0
7976,0
7977,0
7978,0
7979,0
7980,0
7981,0
7982,0
7983,0
7984,0
7985,0
7986,0
7987,0
7988,0
7989,0
7990,0
7991,0
7992,0
7993,0
7994,0
7995,0
7996,0
7997,0
7998,0
7999,0
8000,0
8001,0
8002,0
8003,0
8004,0
8005,0
8006,0
8007,0
8008,0
8009,0
8010,0
8011,0
8012,0
8013,0
8014,0
8015,0
8016,0
8017,0
8018,0
8019,0
8020,0
8021,0
8022,0
8023,0
8024,0
8025,0
8026,0
8027,0
8028,0
8029,0
8030,0
8031,0
8032,0
8033,0
8034,0
8035,0
8036,0
8037,0
8038,0
8039,0
8040,0
8041,0
8042,0
8043,0
8044,0
8045,0
8046,0
8047,0
8048,0
8049,0
8050,0
8051,0
8052,0
8053,0
8054,0
8055,0
8056,0
8057,0
8058,0
8059,0
8060,0
8061,0
8062,0
8063,0
8064,0
8065,0
8066,0
8067,0
8068,0
8069,0
8070,0
8071,0
8072,0
8073,0
8074,0
8075,0
8076,0
8077,0
8078,0
8079,0
8080,0
8081,0
8082,0
8083,0
8084,0
8085,0
8086,0
8087,0
8088,0
8089,0
8090,0
8091,0
8092,0
8093,0
8094,0
8095,0
8096,0
8097,0
8098,0
8099,0
8100,0
8101,0
8102,0
8103,0
8104,0
8105,0
8106,0
8107,0
8108,0
8109,0
8110,0
8111,0
8112,0
8113,0
8114,0
8115,0
8116,0
8117,0
8118,0
8119,0
8120,0
8121,0
8122,0
8123,0
8124,0
8125,0
8126,0
8127,0
8128,0
8129,0
8130,0
8131,0
8132,0
8133,0
8134,0
8135,0
8136,0
8137,0
8138,0
8139,0
8140,0
8141,0
8142,0
8143,0
8144,0
8145,0
8146,0
8147,0
8148,0
8149,0
8150,0
8151,0
8152,0
8153,0
8154,0
8155,0
8156,0
8157,0
8158,0
8159,0
8160,0
8161,0
8162,0
8163,0
8164,0
8165,0
8166,0
8167,0
8168,0
8169,0
8170,0
8171,0
8172,0
8173,0
8174,0
8175,0
8176,0
8177,0
8178,0
8179,0
8180,0
8181,0
8182,0
8183,0
8184,0
8185,0
8186,0
8187,0
8188,0
8189,0
8190,0
8191,0